日付,該当ページ
2025-12-15,14831
2025-12-16,15080
2025-12-17,15080
2025-12-18,15080
2025-12-19,15080
2025-12-20,15080
2025-12-21,15080
2025-12-22,15080
2025-12-23,15080
2025-12-24,12050
2025-12-25,12050
2025-12-26,12050
2025-12-27,12050
2025-12-28,12050
2025-12-29,12050
2025-12-30,12050
2025-12-31,12050
2026-01-01,12050
2026-01-02,12050
2026-01-03,12050
2026-01-04,12095
2026-01-05,12095
2026-01-06,12095
2026-01-07,12156
2026-01-08,12156
2026-01-09,12156
2026-01-10,12156
2026-01-11,12196
2026-01-12,12196
2026-01-13,12196
2026-01-14,12225
2026-01-15,12225
2026-01-16,12225
2026-01-17,12225
2026-01-18,12225
2026-01-19,12225
2026-01-20,12225
2026-01-21,12223
2026-01-22,12223
2026-01-23,12223
2026-01-24,12223
2026-01-25,12238
2026-01-26,12238
2026-01-27,12238
2026-01-28,12235
2026-01-29,12235
2026-01-30,12235
2026-01-31,12235
2026-02-01,12234
2026-02-02,12234
2026-02-03,12234
2026-02-04,12204
2026-02-05,12204
2026-02-06,12204
2026-02-07,12204
2026-02-08,11948
2026-02-09,11948
2026-02-10,11948
2026-02-11,11860
2026-02-12,11860
2026-02-13,11860
2026-02-14,11860
2026-02-15,11801
2026-02-16,11801
2026-02-17,11801
2026-02-18,11093
2026-02-19,11093
2026-02-20,11093
2026-02-21,11093
2026-02-22,11059
2026-02-23,11059
2026-02-24,11059