URL,前回のクロール
https://uma-free.com/races/2025-10-30?race=3&venue=%E5%90%8D%E5%8F%A4%E5%B1%8B,2026-02-19
https://uma-free.com/races/2025-03-03?race=4&venue=%E5%B7%9D%E5%B4%8E,2026-02-19
https://uma-free.com/races/2025-11-09?race=7&venue=%E6%9D%B1%E4%BA%AC,2026-02-19
https://uma-free.com/races/2025-06-11?race=1&venue=%E9%96%80%E5%88%A5,2026-02-19
https://uma-free.com/races/2025-10-01?race=9&venue=%E5%90%8D%E5%8F%A4%E5%B1%8B,2026-02-19
https://uma-free.com/races/2025-02-19?race=9&venue=%E5%A7%AB%E8%B7%AF,2026-02-19
https://uma-free.com/races/2025-01-21?race=12&venue=%E8%88%B9%E6%A9%8B,2026-02-19
https://uma-free.com/races/2025-06-07?race=6&venue=%E9%98%AA%E7%A5%9E,2026-02-19
https://uma-free.com/races/2025-10-05?race=8&venue=%E4%BA%AC%E9%83%BD,2026-02-19
https://uma-free.com/races/2025-06-06?race=11&venue=%E8%88%B9%E6%A9%8B,2026-02-19
https://uma-free.com/races/2024-11-28?race=5&venue=%E7%AC%A0%E6%9D%BE,2026-02-10
https://uma-free.com/races/2024-10-11?race=9&venue=%E7%AC%A0%E6%9D%BE,2026-02-09
https://uma-free.com/races/2024-10-11?race=7&venue=%E5%B7%9D%E5%B4%8E,2026-02-09
https://uma-free.com/races/2024-12-09?race=2&venue=%E5%B7%9D%E5%B4%8E,2026-02-07
https://uma-free.com/races/2024-11-13?race=8&venue=%E5%9C%92%E7%94%B0,2026-02-04
https://uma-free.com/races/2024-11-19?race=2&venue=%E5%9C%92%E7%94%B0,2026-02-02
https://uma-free.com/races/2025-01-05?race=2&venue=%E4%BD%90%E8%B3%80,2026-01-24
https://uma-free.com/races/2025-11-02?race=2&venue=%E4%BD%90%E8%B3%80,2026-01-23
https://uma-free.com/races/2024-12-02?race=6&venue=%E4%BD%90%E8%B3%80,2026-01-15
https://uma-free.com/races/2025-10-04?race=5&venue=%E4%BA%AC%E9%83%BD,2026-01-10
https://uma-free.com/races/2024-12-14?race=6&venue=%E4%B8%AD%E5%B1%B1,2026-01-08
https://uma-free.com/races/2025-05-04?race=10&venue=%E6%9D%B1%E4%BA%AC,2026-01-07
https://uma-free.com/races/2025-04-20?race=7&venue=%E9%98%AA%E7%A5%9E,2026-01-07
https://uma-free.com/races/2025-09-26?race=8&venue=%E5%9C%92%E7%94%B0,2026-01-07
https://uma-free.com/races/2025-03-27?race=7&venue=%E5%A4%A7%E4%BA%95,2026-01-07
https://uma-free.com/races/2025-09-23?race=10&venue=%E9%87%91%E6%B2%A2,2026-01-07
https://uma-free.com/races/2025-01-10?race=6&venue=%E7%AC%A0%E6%9D%BE,2026-01-07
https://uma-free.com/races/2024-10-27?race=1&venue=%E9%87%91%E6%B2%A2,2026-01-07
https://uma-free.com/races/2025-06-15?race=1&venue=%E6%9D%B1%E4%BA%AC,2026-01-07
https://uma-free.com/races/2025-10-29?race=3&venue=%E5%9C%92%E7%94%B0,2026-01-07
https://uma-free.com/races/2024-12-26?race=9&venue=%E5%A4%A7%E4%BA%95,2026-01-07
https://uma-free.com/races/2025-03-11?race=8&venue=%E9%AB%98%E7%9F%A5,2026-01-07
https://uma-free.com/races/2025-01-07?race=12&venue=%E6%B5%A6%E5%92%8C,2026-01-07
https://uma-free.com/races/2025-05-15?race=4&venue=%E9%96%80%E5%88%A5,2026-01-07
https://uma-free.com/races/2025-01-25?race=4&venue=%E4%BD%90%E8%B3%80,2026-01-07
https://uma-free.com/races/2025-10-29?race=9&venue=%E5%9C%92%E7%94%B0,2026-01-07
https://uma-free.com/races/2024-10-02?race=11&venue=%E5%9C%92%E7%94%B0,2026-01-07
https://uma-free.com/races/2024-12-02?race=11&venue=%E4%BD%90%E8%B3%80,2026-01-07
https://uma-free.com/races/2024-12-27?race=5&venue=%E7%AC%A0%E6%9D%BE,2026-01-07
https://uma-free.com/races/2025-09-10?race=2&venue=%E5%9C%92%E7%94%B0,2026-01-07
https://uma-free.com/races/2024-12-07?race=12&venue=%E4%BA%AC%E9%83%BD,2026-01-07
https://uma-free.com/races/2025-03-12?race=11&venue=%E8%88%B9%E6%A9%8B,2026-01-07
https://uma-free.com/races/2025-09-13?race=9&venue=%E9%AB%98%E7%9F%A5,2026-01-07
https://uma-free.com/races/2025-02-19?race=12&venue=%E5%A4%A7%E4%BA%95,2026-01-07
https://uma-free.com/races/2025-07-01?race=12&venue=%E5%A4%A7%E4%BA%95,2026-01-07
https://uma-free.com/races/2025-05-15?race=2&venue=%E7%AC%A0%E6%9D%BE,2026-01-07
https://uma-free.com/races/2025-01-30?race=2&venue=%E5%A4%A7%E4%BA%95,2026-01-07
https://uma-free.com/races/2025-10-15?race=10&venue=%E5%9C%92%E7%94%B0,2026-01-07
https://uma-free.com/races/2025-05-12?race=3&venue=%E7%9B%9B%E5%B2%A1,2026-01-07
https://uma-free.com/races/2024-11-01?race=7&venue=%E5%90%8D%E5%8F%A4%E5%B1%8B,2026-01-07
https://uma-free.com/races/2025-04-04?race=10&venue=%E8%88%B9%E6%A9%8B,2026-01-07
https://uma-free.com/races/2025-05-19?race=7&venue=%E7%9B%9B%E5%B2%A1,2026-01-07
https://uma-free.com/races/2025-09-13?race=5&venue=%E9%AB%98%E7%9F%A5,2026-01-07
https://uma-free.com/races/2025-05-09?race=2&venue=%E8%88%B9%E6%A9%8B,2026-01-07
https://uma-free.com/races/2025-02-28?race=6&venue=%E6%B5%A6%E5%92%8C,2026-01-07
https://uma-free.com/races/2025-11-01?race=4&venue=%E4%BA%AC%E9%83%BD,2026-01-07
https://uma-free.com/races/2025-08-01?race=7&venue=%E8%88%B9%E6%A9%8B,2026-01-07
https://uma-free.com/races/2024-12-13?race=12&venue=%E7%AC%A0%E6%9D%BE,2026-01-07
https://uma-free.com/races/2025-03-07?race=3&venue=%E7%AC%A0%E6%9D%BE,2026-01-07
https://uma-free.com/races/2024-10-25?race=10&venue=%E5%9C%92%E7%94%B0,2026-01-07
https://uma-free.com/races/2025-07-26?race=6&venue=%E9%AB%98%E7%9F%A5,2026-01-07
https://uma-free.com/races/2025-10-04?race=7&venue=%E4%BA%AC%E9%83%BD,2026-01-07
https://uma-free.com/races/2025-10-31?race=2&venue=%E6%B5%A6%E5%92%8C,2026-01-07
https://uma-free.com/races/2025-09-22?race=3&venue=%E6%B0%B4%E6%B2%A2,2026-01-07
https://uma-free.com/races/2025-05-06?race=1&venue=%E9%87%91%E6%B2%A2,2026-01-07
https://uma-free.com/races/2025-04-14?race=2&venue=%E7%AC%A0%E6%9D%BE,2026-01-07
https://uma-free.com/races/2025-02-20?race=10&venue=%E5%A4%A7%E4%BA%95,2026-01-07
https://uma-free.com/races/2024-10-22?race=7&venue=%E6%B5%A6%E5%92%8C,2026-01-07
https://uma-free.com/races/2024-12-19?race=4&venue=%E5%90%8D%E5%8F%A4%E5%B1%8B,2026-01-07
https://uma-free.com/races/2024-12-28?race=5&venue=%E9%87%91%E6%B2%A2,2026-01-07
https://uma-free.com/races/2025-08-11?race=4&venue=%E7%9B%9B%E5%B2%A1,2026-01-07
https://uma-free.com/races/2025-06-06?race=1&venue=%E5%9C%92%E7%94%B0,2026-01-07
https://uma-free.com/races/2024-10-30?race=2&venue=%E5%90%8D%E5%8F%A4%E5%B1%8B,2026-01-07
https://uma-free.com/races/2025-10-31?race=10&venue=%E5%90%8D%E5%8F%A4%E5%B1%8B,2026-01-07
https://uma-free.com/races/2025-10-29?race=10&venue=%E5%90%8D%E5%8F%A4%E5%B1%8B,2026-01-06
https://uma-free.com/races/2025-01-26?race=6&venue=%E5%B0%8F%E5%80%89,2026-01-06
https://uma-free.com/races/2025-10-30?race=5&venue=%E5%90%8D%E5%8F%A4%E5%B1%8B,2026-01-06
https://uma-free.com/races/2025-06-13?race=7&venue=%E5%A4%A7%E4%BA%95,2026-01-06
https://uma-free.com/races/2025-10-29?race=4&venue=%E9%96%80%E5%88%A5,2026-01-06
https://uma-free.com/races/2024-12-02?race=5&venue=%E5%A4%A7%E4%BA%95,2026-01-06
https://uma-free.com/races/2025-01-26?race=9&venue=%E4%B8%AD%E5%B1%B1,2026-01-06
https://uma-free.com/races/2025-01-30?race=5&venue=%E5%A4%A7%E4%BA%95,2026-01-06
https://uma-free.com/races/2025-01-30?race=9&venue=%E5%A4%A7%E4%BA%95,2026-01-06
https://uma-free.com/races/2025-11-02?race=3&venue=%E4%BA%AC%E9%83%BD,2026-01-06
https://uma-free.com/races/2025-10-30?race=4&venue=%E9%96%80%E5%88%A5,2026-01-06
https://uma-free.com/races/2025-08-28?race=2&venue=%E5%9C%92%E7%94%B0,2026-01-06
https://uma-free.com/races/2025-03-29?race=2&venue=%E9%98%AA%E7%A5%9E,2026-01-06
https://uma-free.com/races/2024-11-18?race=1&venue=%E6%B0%B4%E6%B2%A2,2026-01-06
https://uma-free.com/races/2025-10-29?race=6&venue=%E5%90%8D%E5%8F%A4%E5%B1%8B,2026-01-06
https://uma-free.com/races/2025-11-02?race=10&venue=%E4%BD%90%E8%B3%80,2026-01-05
https://uma-free.com/races/2025-04-22?race=8&venue=%E5%9C%92%E7%94%B0,2026-01-04
https://uma-free.com/races/2025-06-09?race=7&venue=%E6%B0%B4%E6%B2%A2,2026-01-04
https://uma-free.com/races/2025-04-22?race=6&venue=%E5%9C%92%E7%94%B0,2026-01-03
https://uma-free.com/races/2025-01-13?race=4&venue=%E9%AB%98%E7%9F%A5,2026-01-03
https://uma-free.com/races/2025-02-02?race=7&venue=%E4%BD%90%E8%B3%80,2026-01-03
https://uma-free.com/races/2025-10-29?race=6&venue=%E6%B5%A6%E5%92%8C,2026-01-03
https://uma-free.com/races/2025-10-31?race=5&venue=%E5%90%8D%E5%8F%A4%E5%B1%8B,2026-01-03
https://uma-free.com/races/2025-11-02?race=11&venue=%E4%BA%AC%E9%83%BD,2026-01-03
https://uma-free.com/races/2025-03-06?race=1&venue=%E5%A7%AB%E8%B7%AF,2026-01-03
https://uma-free.com/races/2025-10-31?race=8&venue=%E5%90%8D%E5%8F%A4%E5%B1%8B,2026-01-03
https://uma-free.com/races/2025-10-31?race=11&venue=%E5%90%8D%E5%8F%A4%E5%B1%8B,2026-01-03
https://uma-free.com/races/2025-10-30?race=9&venue=%E5%9C%92%E7%94%B0,2026-01-03
https://uma-free.com/races/2025-11-02?race=8&venue=%E4%BA%AC%E9%83%BD,2026-01-03
https://uma-free.com/races/2025-04-03?race=7&venue=%E8%88%B9%E6%A9%8B,2026-01-02
https://uma-free.com/races/2025-10-30?race=9&venue=%E9%96%80%E5%88%A5,2026-01-02
https://uma-free.com/races/2025-01-05?race=10&venue=%E4%B8%AD%E5%B1%B1,2026-01-02
https://uma-free.com/races/2024-10-02?race=12&venue=%E9%96%80%E5%88%A5,2026-01-02
https://uma-free.com/races/2025-01-07?race=4&venue=%E6%B5%A6%E5%92%8C,2026-01-02
https://uma-free.com/races/2024-10-17?race=3&venue=%E5%90%8D%E5%8F%A4%E5%B1%8B,2025-12-30
https://uma-free.com/races/2024-12-05?race=6&venue=%E5%90%8D%E5%8F%A4%E5%B1%8B,2025-12-30
https://uma-free.com/races/2024-11-05?race=2&venue=%E7%9B%9B%E5%B2%A1,2025-12-30
https://uma-free.com/races/2025-01-15?race=5&venue=%E5%9C%92%E7%94%B0,2025-12-30
https://uma-free.com/races/2025-02-27?race=1&venue=%E5%90%8D%E5%8F%A4%E5%B1%8B,2025-12-30
https://uma-free.com/races/2025-01-05?race=6&venue=%E4%B8%AD%E4%BA%AC,2025-12-30
https://uma-free.com/races/2024-12-24?race=9&venue=%E6%B5%A6%E5%92%8C,2025-12-30
https://uma-free.com/races/2024-11-19?race=1&venue=%E9%87%91%E6%B2%A2,2025-12-30
https://uma-free.com/races/2025-01-14?race=2&venue=%E5%9C%92%E7%94%B0,2025-12-30
https://uma-free.com/races/2025-06-01?race=10&venue=%E4%BD%90%E8%B3%80,2025-12-30
https://uma-free.com/races/2025-06-21?race=5&venue=%E5%87%BD%E9%A4%A8,2025-12-29
https://uma-free.com/races/2024-10-11?race=1&venue=%E7%AC%A0%E6%9D%BE,2025-12-27
https://uma-free.com/races/2025-03-31?race=10&venue=%E8%88%B9%E6%A9%8B,2025-12-24
https://uma-free.com/races/2025-08-11?race=3&venue=%E5%A4%A7%E4%BA%95,2025-12-24
https://uma-free.com/races/2024-12-05?race=2&venue=%E5%9C%92%E7%94%B0,2025-12-24
https://uma-free.com/races/2025-10-09?race=9&venue=%E5%9C%92%E7%94%B0,2025-12-24
https://uma-free.com/races/2025-03-24?race=7&venue=%E9%87%91%E6%B2%A2,2025-12-24
https://uma-free.com/races/2025-05-14?race=5&venue=%E9%96%80%E5%88%A5,2025-12-24
https://uma-free.com/races/2025-01-14?race=8&venue=%E5%9C%92%E7%94%B0,2025-12-24
https://uma-free.com/races/2025-05-20?race=12&venue=%E9%87%91%E6%B2%A2,2025-12-24
https://uma-free.com/races/2025-08-29?race=5&venue=%E8%88%B9%E6%A9%8B,2025-12-23
https://uma-free.com/races/2025-07-06?race=8&venue=%E8%88%B9%E6%A9%8B,2025-12-23
https://uma-free.com/races/2025-03-24?race=8&venue=%E6%B0%B4%E6%B2%A2,2025-12-23
https://uma-free.com/races/2024-11-22?race=8&venue=%E6%B5%A6%E5%92%8C,2025-12-23
https://uma-free.com/races/2025-05-14?race=10&venue=%E5%B7%9D%E5%B4%8E,2025-12-23
https://uma-free.com/races/2025-03-02?race=2&venue=%E5%B0%8F%E5%80%89,2025-12-23
https://uma-free.com/races/2025-08-12?race=6&venue=%E5%A4%A7%E4%BA%95,2025-12-23
https://uma-free.com/races/2025-06-20?race=7&venue=%E5%B7%9D%E5%B4%8E,2025-12-23
https://uma-free.com/races/2025-03-02?race=5&venue=%E5%B0%8F%E5%80%89,2025-12-23
https://uma-free.com/races/2025-01-15?race=3&venue=%E9%AB%98%E7%9F%A5,2025-12-23
https://uma-free.com/races/2025-08-24?race=1&venue=%E4%B8%AD%E4%BA%AC,2025-12-23
https://uma-free.com/races/2025-08-21?race=4&venue=%E5%9C%92%E7%94%B0,2025-12-23
https://uma-free.com/races/2025-07-09?race=12&venue=%E9%96%80%E5%88%A5,2025-12-23
https://uma-free.com/races/2024-11-25?race=7&venue=%E5%90%8D%E5%8F%A4%E5%B1%8B,2025-12-23
https://uma-free.com/races/2025-05-15?race=6&venue=%E5%9C%92%E7%94%B0,2025-12-23
https://uma-free.com/races/2025-02-21?race=9&venue=%E5%A4%A7%E4%BA%95,2025-12-23
https://uma-free.com/races/2025-04-11?race=12&venue=%E5%90%8D%E5%8F%A4%E5%B1%8B,2025-12-23
https://uma-free.com/races/2025-08-14?race=5&venue=%E9%96%80%E5%88%A5,2025-12-23
https://uma-free.com/races/2024-12-28?race=4&venue=%E9%AB%98%E7%9F%A5,2025-12-23
https://uma-free.com/races/2024-12-23?race=9&venue=%E9%87%91%E6%B2%A2,2025-12-23
https://uma-free.com/races/2025-03-27?race=9&venue=%E5%A4%A7%E4%BA%95,2025-12-23
https://uma-free.com/races/2025-07-02?race=12&venue=%E9%96%80%E5%88%A5,2025-12-23
https://uma-free.com/races/2025-06-09?race=12&venue=%E4%BD%90%E8%B3%80,2025-12-23
https://uma-free.com/races/2025-10-06?race=5&venue=%E9%87%91%E6%B2%A2,2025-12-23
https://uma-free.com/races/2025-08-21?race=5&venue=%E5%90%8D%E5%8F%A4%E5%B1%8B,2025-12-23
https://uma-free.com/races/2025-07-10?race=8&venue=%E5%90%8D%E5%8F%A4%E5%B1%8B,2025-12-23
https://uma-free.com/races/2025-08-12?race=6&venue=%E7%9B%9B%E5%B2%A1,2025-12-23
https://uma-free.com/races/2024-11-29?race=12&venue=%E8%88%B9%E6%A9%8B,2025-12-23
https://uma-free.com/races/2025-08-14?race=9&venue=%E5%9C%92%E7%94%B0,2025-12-23
https://uma-free.com/races/2025-10-20?race=1&venue=%E7%9B%9B%E5%B2%A1,2025-12-23
https://uma-free.com/races/2025-10-06?race=10&venue=%E6%B0%B4%E6%B2%A2,2025-12-23
https://uma-free.com/races/2025-09-17?race=9&venue=%E5%90%8D%E5%8F%A4%E5%B1%8B,2025-12-23
https://uma-free.com/races/2025-05-12?race=5&venue=%E4%BD%90%E8%B3%80,2025-12-23
https://uma-free.com/races/2025-05-03?race=7&venue=%E9%AB%98%E7%9F%A5,2025-12-23
https://uma-free.com/races/2025-09-04?race=1&venue=%E9%96%80%E5%88%A5,2025-12-21
https://uma-free.com/races/2025-01-14?race=9&venue=%E5%A4%A7%E4%BA%95,2025-12-21
https://uma-free.com/races/2024-10-26?race=9&venue=%E6%9D%B1%E4%BA%AC,2025-12-21
https://uma-free.com/races/2025-10-05?race=11&venue=%E6%9D%B1%E4%BA%AC,2025-12-21
https://uma-free.com/races/2025-06-01?race=9&venue=%E4%BA%AC%E9%83%BD,2025-12-20
https://uma-free.com/races/2025-06-01?race=10&venue=%E9%AB%98%E7%9F%A5,2025-12-19
https://uma-free.com/races/2025-09-17?race=12&venue=%E9%96%80%E5%88%A5,2025-12-19
https://uma-free.com/races/2025-03-24?race=5&venue=%E7%AC%A0%E6%9D%BE,2025-12-18
https://uma-free.com/races/2025-01-19?race=1&venue=%E9%AB%98%E7%9F%A5,2025-12-18
https://uma-free.com/races/2025-10-06?race=1&venue=%E9%87%91%E6%B2%A2,2025-12-18
https://uma-free.com/races/2024-11-05?race=1&venue=%E9%87%91%E6%B2%A2,2025-12-17
https://uma-free.com/races/2024-10-08?race=5&venue=%E9%87%91%E6%B2%A2,2025-12-17
https://uma-free.com/races/2024-12-07?race=11&venue=%E9%AB%98%E7%9F%A5,2025-12-16
https://uma-free.com/races/2024-10-29?race=9&venue=%E9%87%91%E6%B2%A2,2025-12-16
https://uma-free.com/races/2025-01-29?race=1&venue=%E5%A7%AB%E8%B7%AF,2025-12-16
https://uma-free.com/races/2025-01-17?race=7&venue=%E5%90%8D%E5%8F%A4%E5%B1%8B,2025-12-13
https://uma-free.com/races/2025-10-04?race=9&venue=%E9%AB%98%E7%9F%A5,2025-12-09
https://uma-free.com/races/2024-11-17?race=8&venue=%E6%B0%B4%E6%B2%A2,2025-12-09
https://uma-free.com/races/2024-12-27?race=3&venue=%E9%87%91%E6%B2%A2,2025-12-08
https://uma-free.com/races/2025-10-30?race=2&venue=%E5%90%8D%E5%8F%A4%E5%B1%8B,2025-12-05
https://uma-free.com/races/2025-08-22?race=8&venue=%E5%9C%92%E7%94%B0,2025-12-05
https://uma-free.com/races/2024-10-31?race=8&venue=%E9%96%80%E5%88%A5,2025-12-05
https://uma-free.com/races/2025-10-20?race=9&venue=%E7%9B%9B%E5%B2%A1,2025-12-05
https://uma-free.com/races/2025-05-08?race=1&venue=%E5%9C%92%E7%94%B0,2025-12-05
https://uma-free.com/races/2025-08-24?race=6&venue=%E4%BD%90%E8%B3%80,2025-12-05
https://uma-free.com/races/2025-01-05?race=1&venue=%E4%B8%AD%E5%B1%B1,2025-12-05
https://uma-free.com/races/2025-05-22?race=8&venue=%E5%9C%92%E7%94%B0,2025-12-05
https://uma-free.com/races/2024-11-24?race=8&venue=%E9%87%91%E6%B2%A2,2025-12-05
https://uma-free.com/races/2024-12-30?race=4&venue=%E5%9C%92%E7%94%B0,2025-12-05
https://uma-free.com/races/2024-12-22?race=3&venue=%E4%BD%90%E8%B3%80,2025-12-05
https://uma-free.com/races/2025-02-02?race=2&venue=%E4%BD%90%E8%B3%80,2025-11-29
https://uma-free.com/races/2025-02-08?race=7&venue=%E5%B7%9D%E5%B4%8E,2025-11-29
https://uma-free.com/races/2025-02-13?race=5&venue=%E8%88%B9%E6%A9%8B,2025-11-29
https://uma-free.com/races/2025-04-05?race=8&venue=%E9%98%AA%E7%A5%9E,2025-11-28
https://uma-free.com/races/2025-01-28?race=12&venue=%E5%A4%A7%E4%BA%95,2025-11-28
https://uma-free.com/races/2025-01-21?race=7&venue=%E9%AB%98%E7%9F%A5,2025-11-28
https://uma-free.com/races/2025-02-11?race=5&venue=%E5%A7%AB%E8%B7%AF,2025-11-28
https://uma-free.com/races/2025-02-28?race=11&venue=%E6%B5%A6%E5%92%8C,2025-11-28
https://uma-free.com/races/2025-01-24?race=11&venue=%E7%AC%A0%E6%9D%BE,2025-11-28
https://uma-free.com/races/2024-12-15?race=10&venue=%E4%B8%AD%E4%BA%AC,2025-11-28
https://uma-free.com/races/2025-04-03?race=4&venue=%E8%88%B9%E6%A9%8B,2025-11-28
https://uma-free.com/races/2025-04-04?race=4&venue=%E8%88%B9%E6%A9%8B,2025-11-28
https://uma-free.com/races/2025-01-30?race=6&venue=%E5%A4%A7%E4%BA%95,2025-11-28
https://uma-free.com/races/2025-02-16?race=3&venue=%E6%9D%B1%E4%BA%AC,2025-11-28
https://uma-free.com/races/2025-03-07?race=4&venue=%E7%AC%A0%E6%9D%BE,2025-11-28
https://uma-free.com/races/2025-05-13?race=9&venue=%E5%B7%9D%E5%B4%8E,2025-11-27
https://uma-free.com/races/2024-11-08?race=3&venue=%E7%AC%A0%E6%9D%BE,2025-11-27
https://uma-free.com/races/2025-01-02?race=9&venue=%E5%90%8D%E5%8F%A4%E5%B1%8B,2025-11-27
https://uma-free.com/races/2025-01-04?race=8&venue=%E5%90%8D%E5%8F%A4%E5%B1%8B,2025-11-26
https://uma-free.com/races/2025-01-03?race=11&venue=%E5%90%8D%E5%8F%A4%E5%B1%8B,2025-11-26
https://uma-free.com/races/2025-10-29?race=12&venue=%E6%B5%A6%E5%92%8C,2025-11-26
https://uma-free.com/races/2025-11-02?race=8&venue=%E6%9D%B1%E4%BA%AC,2025-11-26
https://uma-free.com/races/2024-12-26?race=8&venue=%E5%9C%92%E7%94%B0,2025-11-25
https://uma-free.com/races/2025-02-25?race=12&venue=%E5%A7%AB%E8%B7%AF,2025-11-25
https://uma-free.com/races/2025-03-10?race=3&venue=%E6%B0%B4%E6%B2%A2,2025-11-24
https://uma-free.com/races/2024-10-03?race=11&venue=%E5%9C%92%E7%94%B0,2025-11-24
https://uma-free.com/races/2025-01-31?race=3&venue=%E5%90%8D%E5%8F%A4%E5%B1%8B,2025-11-24
https://uma-free.com/races/2025-04-07?race=5&venue=%E5%B7%9D%E5%B4%8E,2025-11-24
https://uma-free.com/races/2025-01-02?race=6&venue=%E5%90%8D%E5%8F%A4%E5%B1%8B,2025-11-23
https://uma-free.com/races/2025-10-30?race=12&venue=%E5%9C%92%E7%94%B0,2025-11-18
https://uma-free.com/races/2025-01-16?race=11&venue=%E5%9C%92%E7%94%B0,2025-11-17
https://uma-free.com/races/2025-06-04?race=3&venue=%E5%9C%92%E7%94%B0,2025-11-17
https://uma-free.com/races/2025-01-20?race=9&venue=%E8%88%B9%E6%A9%8B,2025-11-17
https://uma-free.com/races/2024-11-09?race=8&venue=%E4%BD%90%E8%B3%80,2025-11-17
https://uma-free.com/races/2025-09-03?race=9&venue=%E9%96%80%E5%88%A5,2025-11-17
https://uma-free.com/races/2024-12-02?race=9&venue=%E9%87%91%E6%B2%A2,2025-11-17
https://uma-free.com/races/2025-03-13?race=2&venue=%E8%88%B9%E6%A9%8B,2025-11-17
https://uma-free.com/races/2025-07-02?race=5&venue=%E9%96%80%E5%88%A5,2025-11-17
https://uma-free.com/races/2025-01-29?race=4&venue=%E9%AB%98%E7%9F%A5,2025-11-17
https://uma-free.com/races/2025-10-29?race=12&venue=%E5%9C%92%E7%94%B0,2025-11-17
https://uma-free.com/races/2024-10-11?race=3&venue=%E5%B7%9D%E5%B4%8E,2025-11-17
https://uma-free.com/races/2024-11-23?race=2&venue=%E9%AB%98%E7%9F%A5,2025-11-17
https://uma-free.com/races/2025-10-26?race=3&venue=%E4%BA%AC%E9%83%BD,2025-11-15
https://uma-free.com/races/2025-10-29?race=11&venue=%E5%9C%92%E7%94%B0,2025-11-14
https://uma-free.com/races/2025-11-01?race=5&venue=%E4%BD%90%E8%B3%80,2025-11-14
https://uma-free.com/races/2025-11-02?race=6&venue=%E7%9B%9B%E5%B2%A1,2025-11-14
https://uma-free.com/races/2025-11-01?race=12&venue=%E4%BA%AC%E9%83%BD,2025-11-14
https://uma-free.com/races/2025-10-30?race=1&venue=%E6%B5%A6%E5%92%8C,2025-11-14
https://uma-free.com/races/2024-12-14?race=2&venue=%E4%B8%AD%E4%BA%AC,2025-11-14
https://uma-free.com/races/2025-11-01?race=4&venue=%E7%9B%9B%E5%B2%A1,2025-11-14
https://uma-free.com/races/2025-10-29?race=4&venue=%E5%90%8D%E5%8F%A4%E5%B1%8B,2025-11-14
https://uma-free.com/races/2025-11-01?race=8&venue=%E4%BD%90%E8%B3%80,2025-11-13
https://uma-free.com/races/2025-11-02?race=7&venue=%E4%BA%AC%E9%83%BD,2025-11-13
https://uma-free.com/races/2025-10-30?race=1&venue=%E9%96%80%E5%88%A5,2025-11-13
https://uma-free.com/races/2025-10-29?race=1&venue=%E6%B5%A6%E5%92%8C,2025-11-13
https://uma-free.com/races/2025-11-01?race=5&venue=%E4%BA%AC%E9%83%BD,2025-11-13
https://uma-free.com/races/2025-11-02?race=11&venue=%E4%BD%90%E8%B3%80,2025-11-13
https://uma-free.com/races/2025-11-02?race=11&venue=%E6%9D%B1%E4%BA%AC,2025-11-13
https://uma-free.com/races/2025-10-29?race=5&venue=%E5%9C%92%E7%94%B0,2025-11-13
https://uma-free.com/races/2025-10-29?race=9&venue=%E6%B5%A6%E5%92%8C,2025-11-13
https://uma-free.com/races/2025-11-13?race=3&venue=%E5%90%8D%E5%8F%A4%E5%B1%8B,2025-11-13
https://uma-free.com/races/2025-10-29?race=6&venue=%E9%96%80%E5%88%A5,2025-11-12
https://uma-free.com/races/2025-11-02?race=9&venue=%E9%AB%98%E7%9F%A5,2025-11-12
https://uma-free.com/races/2025-11-02?race=1&venue=%E9%AB%98%E7%9F%A5,2025-11-12
https://uma-free.com/races/2025-11-02?race=6&venue=%E9%AB%98%E7%9F%A5,2025-11-12
https://uma-free.com/races/2025-11-02?race=3&venue=%E4%BD%90%E8%B3%80,2025-11-12
https://uma-free.com/races/2025-10-30?race=12&venue=%E9%96%80%E5%88%A5,2025-11-12
https://uma-free.com/races/2025-11-02?race=5&venue=%E6%9D%B1%E4%BA%AC,2025-11-12
https://uma-free.com/races/2025-10-30?race=8&venue=%E6%B5%A6%E5%92%8C,2025-11-12
https://uma-free.com/races/2025-11-01?race=3&venue=%E9%AB%98%E7%9F%A5,2025-11-12
https://uma-free.com/races/2025-11-09?race=1&venue=%E4%BA%AC%E9%83%BD,2025-11-12
https://uma-free.com/races/2025-10-29?race=4&venue=%E5%9C%92%E7%94%B0,2025-11-12
https://uma-free.com/races/2025-10-31?race=1&venue=%E6%B5%A6%E5%92%8C,2025-11-12
https://uma-free.com/races/2025-11-01?race=6&venue=%E4%BD%90%E8%B3%80,2025-11-12
https://uma-free.com/races/2025-11-02?race=10&venue=%E9%AB%98%E7%9F%A5,2025-11-12
https://uma-free.com/races/2025-10-29?race=3&venue=%E5%90%8D%E5%8F%A4%E5%B1%8B,2025-11-11
https://uma-free.com/races/2025-10-30?race=10&venue=%E5%9C%92%E7%94%B0,2025-11-10
https://uma-free.com/races/2025-10-30?race=3&venue=%E5%9C%92%E7%94%B0,2025-11-09
https://uma-free.com/races/2025-10-29?race=8&venue=%E5%9C%92%E7%94%B0,2025-11-09
https://uma-free.com/races/2025-11-01?race=9&venue=%E7%9B%9B%E5%B2%A1,2025-11-09
https://uma-free.com/races/2025-10-29?race=11&venue=%E5%90%8D%E5%8F%A4%E5%B1%8B,2025-11-09
https://uma-free.com/races/2025-11-01?race=7&venue=%E7%9B%9B%E5%B2%A1,2025-11-09
https://uma-free.com/races/2025-10-30?race=4&venue=%E5%90%8D%E5%8F%A4%E5%B1%8B,2025-11-09
https://uma-free.com/races/2025-11-02?race=5&venue=%E7%9B%9B%E5%B2%A1,2025-11-09
https://uma-free.com/races/2025-10-31?race=4&venue=%E6%B5%A6%E5%92%8C,2025-11-09
https://uma-free.com/races/2025-11-02?race=8&venue=%E4%BD%90%E8%B3%80,2025-11-09
https://uma-free.com/races/2025-10-29?race=2&venue=%E9%96%80%E5%88%A5,2025-11-09
https://uma-free.com/races/2025-11-01?race=10&venue=%E4%BA%AC%E9%83%BD,2025-11-09
https://uma-free.com/races/2025-11-01?race=4&venue=%E9%AB%98%E7%9F%A5,2025-11-09
https://uma-free.com/races/2025-10-30?race=7&venue=%E5%9C%92%E7%94%B0,2025-11-09
https://uma-free.com/races/2025-11-01?race=5&venue=%E9%AB%98%E7%9F%A5,2025-11-09
https://uma-free.com/races/2025-10-30?race=5&venue=%E6%B5%A6%E5%92%8C,2025-11-09
https://uma-free.com/races/2025-11-01?race=7&venue=%E4%BD%90%E8%B3%80,2025-11-09
https://uma-free.com/races/2025-10-30?race=10&venue=%E5%90%8D%E5%8F%A4%E5%B1%8B,2025-11-09
https://uma-free.com/races/2025-11-01?race=9&venue=%E4%BA%AC%E9%83%BD,2025-11-09
https://uma-free.com/races/2025-11-02?race=1&venue=%E4%BA%AC%E9%83%BD,2025-11-09
https://uma-free.com/races/2025-10-30?race=3&venue=%E9%96%80%E5%88%A5,2025-11-09
https://uma-free.com/races/2025-11-02?race=2&venue=%E9%AB%98%E7%9F%A5,2025-11-09
https://uma-free.com/races/2025-10-29?race=8&venue=%E5%90%8D%E5%8F%A4%E5%B1%8B,2025-11-09
https://uma-free.com/races/2025-10-29?race=9&venue=%E9%96%80%E5%88%A5,2025-11-09
https://uma-free.com/races/2025-10-31?race=12&venue=%E6%B5%A6%E5%92%8C,2025-11-09
https://uma-free.com/races/2025-11-01?race=5&venue=%E7%9B%9B%E5%B2%A1,2025-11-09
https://uma-free.com/races/2025-10-30?race=2&venue=%E9%96%80%E5%88%A5,2025-11-09
https://uma-free.com/races/2025-11-01?race=11&venue=%E4%BA%AC%E9%83%BD,2025-11-09
https://uma-free.com/races/2025-11-02?race=1&venue=%E6%9D%B1%E4%BA%AC,2025-11-09
https://uma-free.com/races/2025-11-02?race=2&venue=%E7%9B%9B%E5%B2%A1,2025-11-09
https://uma-free.com/races/2025-10-31?race=9&venue=%E6%B5%A6%E5%92%8C,2025-11-09
https://uma-free.com/races/2025-11-01?race=2&venue=%E6%9D%B1%E4%BA%AC,2025-11-09
https://uma-free.com/races/2025-11-01?race=2&venue=%E4%BD%90%E8%B3%80,2025-11-09
https://uma-free.com/races/2025-10-31?race=4&venue=%E5%90%8D%E5%8F%A4%E5%B1%8B,2025-11-09
https://uma-free.com/races/2025-11-09?race=9&venue=%E6%9D%B1%E4%BA%AC,2025-11-09
https://uma-free.com/races/2025-11-01?race=1&venue=%E4%BA%AC%E9%83%BD,2025-11-09
https://uma-free.com/races/2025-10-30?race=5&venue=%E5%9C%92%E7%94%B0,2025-11-09
https://uma-free.com/races/2025-11-01?race=3&venue=%E4%BD%90%E8%B3%80,2025-11-08
https://uma-free.com/races/2024-10-12?race=1&venue=%E4%BA%AC%E9%83%BD,2025-11-08
https://uma-free.com/races/2025-07-18?race=11&venue=%E5%A4%A7%E4%BA%95,2025-11-07
https://uma-free.com/races/2025-04-01?race=8&venue=%E8%88%B9%E6%A9%8B,2025-11-07
https://uma-free.com/races/2025-07-05?race=2&venue=%E5%B0%8F%E5%80%89,2025-11-07
https://uma-free.com/races/2024-12-15?race=1&venue=%E4%BD%90%E8%B3%80,2025-11-07
https://uma-free.com/races/2025-10-12?race=2&venue=%E4%BA%AC%E9%83%BD,2025-11-07
https://uma-free.com/races/2025-02-16?race=2&venue=%E9%AB%98%E7%9F%A5,2025-11-07
https://uma-free.com/races/2025-10-15?race=5&venue=%E5%B7%9D%E5%B4%8E,2025-11-07
https://uma-free.com/races/2025-08-10?race=3&venue=%E4%B8%AD%E4%BA%AC,2025-11-07
https://uma-free.com/races/2025-07-11?race=7&venue=%E5%9C%92%E7%94%B0,2025-11-07
https://uma-free.com/races/2025-07-31?race=5&venue=%E8%88%B9%E6%A9%8B,2025-11-07
https://uma-free.com/races/2025-08-17?race=6&venue=%E6%9C%AD%E5%B9%8C,2025-11-07
https://uma-free.com/races/2025-09-01?race=2&venue=%E5%A4%A7%E4%BA%95,2025-11-07
https://uma-free.com/races/2024-11-19?race=3&venue=%E6%B0%B4%E6%B2%A2,2025-11-07
https://uma-free.com/races/2025-07-04?race=6&venue=%E5%9C%92%E7%94%B0,2025-11-07
https://uma-free.com/races/2024-11-11?race=7&venue=%E5%B7%9D%E5%B4%8E,2025-11-07
https://uma-free.com/races/2024-11-13?race=3&venue=%E5%9C%92%E7%94%B0,2025-11-07
https://uma-free.com/races/2024-10-24?race=6&venue=%E7%AC%A0%E6%9D%BE,2025-11-07
https://uma-free.com/races/2025-10-16?race=5&venue=%E9%96%80%E5%88%A5,2025-11-07
https://uma-free.com/races/2025-06-04?race=6&venue=%E5%9C%92%E7%94%B0,2025-11-07
https://uma-free.com/races/2025-04-04?race=11&venue=%E7%AC%A0%E6%9D%BE,2025-11-07
https://uma-free.com/races/2025-07-25?race=7&venue=%E6%B5%A6%E5%92%8C,2025-11-07
https://uma-free.com/races/2025-04-07?race=2&venue=%E5%B7%9D%E5%B4%8E,2025-11-07
https://uma-free.com/races/2025-08-03?race=5&venue=%E7%9B%9B%E5%B2%A1,2025-11-07
https://uma-free.com/races/2025-07-10?race=8&venue=%E5%9C%92%E7%94%B0,2025-11-07
https://uma-free.com/races/2025-07-22?race=8&venue=%E7%9B%9B%E5%B2%A1,2025-11-07
https://uma-free.com/races/2024-11-07?race=7&venue=%E5%9C%92%E7%94%B0,2025-11-07
https://uma-free.com/races/2024-10-31?race=4&venue=%E5%9C%92%E7%94%B0,2025-11-07
https://uma-free.com/races/2025-01-14?race=6&venue=%E5%A4%A7%E4%BA%95,2025-11-07
https://uma-free.com/races/2025-07-31?race=6&venue=%E9%96%80%E5%88%A5,2025-11-07
https://uma-free.com/races/2025-06-16?race=11&venue=%E6%B0%B4%E6%B2%A2,2025-11-07
https://uma-free.com/races/2025-01-27?race=11&venue=%E5%90%8D%E5%8F%A4%E5%B1%8B,2025-11-07
https://uma-free.com/races/2025-07-10?race=6&venue=%E5%9C%92%E7%94%B0,2025-11-07
https://uma-free.com/races/2025-07-30?race=5&venue=%E5%9C%92%E7%94%B0,2025-11-07
https://uma-free.com/races/2025-09-21?race=3&venue=%E4%B8%AD%E5%B1%B1,2025-11-07
https://uma-free.com/races/2025-03-09?race=9&venue=%E4%BD%90%E8%B3%80,2025-11-07
https://uma-free.com/races/2025-09-27?race=2&venue=%E9%AB%98%E7%9F%A5,2025-11-07
https://uma-free.com/races/2025-10-16?race=4&venue=%E5%B7%9D%E5%B4%8E,2025-11-07
https://uma-free.com/races/2025-04-24?race=10&venue=%E5%9C%92%E7%94%B0,2025-11-07
https://uma-free.com/races/2025-02-21?race=11&venue=%E7%AC%A0%E6%9D%BE,2025-11-07
https://uma-free.com/races/2024-12-15?race=8&venue=%E4%B8%AD%E4%BA%AC,2025-11-07
https://uma-free.com/races/2025-03-02?race=5&venue=%E9%AB%98%E7%9F%A5,2025-11-07
https://uma-free.com/races/2025-06-28?race=6&venue=%E5%87%BD%E9%A4%A8,2025-11-07
https://uma-free.com/races/2025-10-18?race=3&venue=%E6%96%B0%E6%BD%9F,2025-11-07
https://uma-free.com/races/2024-10-12?race=7&venue=%E6%96%B0%E6%BD%9F,2025-11-07
https://uma-free.com/races/2025-06-09?race=3&venue=%E6%B0%B4%E6%B2%A2,2025-11-07
https://uma-free.com/races/2024-12-10?race=3&venue=%E9%87%91%E6%B2%A2,2025-11-07
https://uma-free.com/races/2025-08-06?race=3&venue=%E5%B7%9D%E5%B4%8E,2025-11-07
https://uma-free.com/races/2025-10-18?race=2&venue=%E9%AB%98%E7%9F%A5,2025-11-07
https://uma-free.com/races/2025-09-13?race=3&venue=%E9%AB%98%E7%9F%A5,2025-11-07
https://uma-free.com/races/2025-06-27?race=4&venue=%E5%90%8D%E5%8F%A4%E5%B1%8B,2025-11-07
https://uma-free.com/races/2024-12-30?race=6&venue=%E6%B0%B4%E6%B2%A2,2025-11-07
https://uma-free.com/races/2025-02-24?race=6&venue=%E5%A7%AB%E8%B7%AF,2025-11-07
https://uma-free.com/races/2024-10-25?race=7&venue=%E7%AC%A0%E6%9D%BE,2025-11-07
https://uma-free.com/races/2025-01-17?race=9&venue=%E5%90%8D%E5%8F%A4%E5%B1%8B,2025-11-07
https://uma-free.com/races/2025-09-14?race=7&venue=%E6%B0%B4%E6%B2%A2,2025-11-07
https://uma-free.com/races/2025-04-30?race=8&venue=%E7%AC%A0%E6%9D%BE,2025-11-07
https://uma-free.com/races/2025-10-10?race=12&venue=%E5%9C%92%E7%94%B0,2025-11-07
https://uma-free.com/races/2025-07-13?race=3&venue=%E7%A6%8F%E5%B3%B6,2025-11-07
https://uma-free.com/races/2025-04-28?race=10&venue=%E6%B0%B4%E6%B2%A2,2025-11-07
https://uma-free.com/races/2025-06-26?race=6&venue=%E5%9C%92%E7%94%B0,2025-11-07
https://uma-free.com/races/2025-10-22?race=2&venue=%E9%96%80%E5%88%A5,2025-11-07
https://uma-free.com/races/2025-07-26?race=4&venue=%E6%9C%AD%E5%B9%8C,2025-11-07
https://uma-free.com/races/2025-09-10?race=3&venue=%E9%96%80%E5%88%A5,2025-11-07
https://uma-free.com/races/2024-10-23?race=9&venue=%E6%B5%A6%E5%92%8C,2025-11-07
https://uma-free.com/races/2024-11-14?race=4&venue=%E5%90%8D%E5%8F%A4%E5%B1%8B,2025-11-07
https://uma-free.com/races/2025-09-09?race=2&venue=%E9%96%80%E5%88%A5,2025-11-07
https://uma-free.com/races/2025-02-16?race=3&venue=%E5%B0%8F%E5%80%89,2025-11-07
https://uma-free.com/races/2025-10-25?race=3&venue=%E6%9D%B1%E4%BA%AC,2025-11-07
https://uma-free.com/races/2025-10-01?race=1&venue=%E8%88%B9%E6%A9%8B,2025-11-07
https://uma-free.com/races/2025-01-30?race=1&venue=%E5%A7%AB%E8%B7%AF,2025-11-07
https://uma-free.com/races/2024-10-12?race=3&venue=%E6%96%B0%E6%BD%9F,2025-11-07
https://uma-free.com/races/2025-07-23?race=5&venue=%E6%B5%A6%E5%92%8C,2025-11-07
https://uma-free.com/races/2025-01-11?race=10&venue=%E4%B8%AD%E5%B1%B1,2025-11-07
https://uma-free.com/races/2025-08-26?race=2&venue=%E7%AC%A0%E6%9D%BE,2025-11-07
https://uma-free.com/races/2025-08-25?race=8&venue=%E7%9B%9B%E5%B2%A1,2025-11-07
https://uma-free.com/races/2025-09-29?race=7&venue=%E9%87%91%E6%B2%A2,2025-11-07
https://uma-free.com/races/2025-05-01?race=2&venue=%E7%AC%A0%E6%9D%BE,2025-11-07
https://uma-free.com/races/2025-05-20?race=8&venue=%E5%A4%A7%E4%BA%95,2025-11-07
https://uma-free.com/races/2025-10-19?race=3&venue=%E9%87%91%E6%B2%A2,2025-11-07
https://uma-free.com/races/2024-11-19?race=6&venue=%E5%9C%92%E7%94%B0,2025-11-07
https://uma-free.com/races/2025-03-11?race=2&venue=%E9%AB%98%E7%9F%A5,2025-11-07
https://uma-free.com/races/2025-06-29?race=7&venue=%E4%BD%90%E8%B3%80,2025-11-07
https://uma-free.com/races/2025-07-06?race=3&venue=%E5%B0%8F%E5%80%89,2025-11-07
https://uma-free.com/races/2025-10-10?race=7&venue=%E7%AC%A0%E6%9D%BE,2025-11-07
https://uma-free.com/races/2025-02-16?race=2&venue=%E6%9D%B1%E4%BA%AC,2025-11-07
https://uma-free.com/races/2024-12-28?race=6&venue=%E9%AB%98%E7%9F%A5,2025-11-07
https://uma-free.com/races/2025-08-03?race=7&venue=%E7%9B%9B%E5%B2%A1,2025-11-07
https://uma-free.com/races/2025-01-26?race=3&venue=%E4%B8%AD%E4%BA%AC,2025-11-07
https://uma-free.com/races/2024-11-16?race=6&venue=%E4%BD%90%E8%B3%80,2025-11-07
https://uma-free.com/races/2025-01-05?race=11&venue=%E4%B8%AD%E5%B1%B1,2025-11-07
https://uma-free.com/races/2025-10-12?race=7&venue=%E4%BA%AC%E9%83%BD,2025-11-07
https://uma-free.com/races/2025-05-15?race=6&venue=%E9%96%80%E5%88%A5,2025-11-07
https://uma-free.com/races/2025-04-27?race=3&venue=%E4%BA%AC%E9%83%BD,2025-11-07
https://uma-free.com/races/2025-03-30?race=5&venue=%E9%87%91%E6%B2%A2,2025-11-07
https://uma-free.com/races/2025-08-21?race=9&venue=%E5%9C%92%E7%94%B0,2025-11-07
https://uma-free.com/races/2025-09-04?race=3&venue=%E4%BD%90%E8%B3%80,2025-11-07
https://uma-free.com/races/2025-10-21?race=3&venue=%E5%A4%A7%E4%BA%95,2025-11-07
https://uma-free.com/races/2024-11-06?race=4&venue=%E7%9B%9B%E5%B2%A1,2025-11-07
https://uma-free.com/races/2025-10-19?race=4&venue=%E7%9B%9B%E5%B2%A1,2025-11-07
https://uma-free.com/races/2025-06-01?race=4&venue=%E4%BA%AC%E9%83%BD,2025-11-07
https://uma-free.com/races/2025-11-04?race=7&venue=%E7%AC%A0%E6%9D%BE,2025-11-07
https://uma-free.com/races/2024-12-10?race=1&venue=%E9%87%91%E6%B2%A2,2025-11-07
https://uma-free.com/races/2025-03-14?race=3&venue=%E8%88%B9%E6%A9%8B,2025-11-07
https://uma-free.com/races/2025-06-06?race=6&venue=%E5%9C%92%E7%94%B0,2025-11-07
https://uma-free.com/races/2025-08-29?race=1&venue=%E8%88%B9%E6%A9%8B,2025-11-07
https://uma-free.com/races/2025-08-21?race=8&venue=%E5%B7%9D%E5%B4%8E,2025-11-07
https://uma-free.com/races/2025-03-20?race=2&venue=%E5%9C%92%E7%94%B0,2025-11-07
https://uma-free.com/races/2024-10-06?race=6&venue=%E9%AB%98%E7%9F%A5,2025-11-07
https://uma-free.com/races/2025-06-24?race=6&venue=%E5%90%8D%E5%8F%A4%E5%B1%8B,2025-11-07
https://uma-free.com/races/2025-06-28?race=1&venue=%E5%B0%8F%E5%80%89,2025-11-07
https://uma-free.com/races/2025-04-16?race=4&venue=%E5%9C%92%E7%94%B0,2025-11-07
https://uma-free.com/races/2025-07-21?race=9&venue=%E4%BD%90%E8%B3%80,2025-11-07
https://uma-free.com/races/2025-08-15?race=1&venue=%E6%B5%A6%E5%92%8C,2025-11-07
https://uma-free.com/races/2024-10-01?race=3&venue=%E6%B0%B4%E6%B2%A2,2025-11-07
https://uma-free.com/races/2025-05-10?race=4&venue=%E6%96%B0%E6%BD%9F,2025-11-07
https://uma-free.com/races/2025-03-14?race=1&venue=%E8%88%B9%E6%A9%8B,2025-11-07
https://uma-free.com/races/2025-07-10?race=5&venue=%E5%B7%9D%E5%B4%8E,2025-11-07
https://uma-free.com/races/2025-06-03?race=3&venue=%E9%87%91%E6%B2%A2,2025-11-07
https://uma-free.com/races/2025-09-12?race=4&venue=%E7%AC%A0%E6%9D%BE,2025-11-07
https://uma-free.com/races/2025-01-18?race=2&venue=%E4%BD%90%E8%B3%80,2025-11-07
https://uma-free.com/races/2025-02-25?race=2&venue=%E6%B5%A6%E5%92%8C,2025-11-07
https://uma-free.com/races/2024-12-12?race=5&venue=%E5%9C%92%E7%94%B0,2025-11-07
https://uma-free.com/races/2025-10-25?race=1&venue=%E6%96%B0%E6%BD%9F,2025-11-07
https://uma-free.com/races/2025-04-15?race=6&venue=%E9%87%91%E6%B2%A2,2025-11-07
https://uma-free.com/races/2024-11-13?race=6&venue=%E5%B7%9D%E5%B4%8E,2025-11-07
https://uma-free.com/races/2025-03-20?race=5&venue=%E6%B5%A6%E5%92%8C,2025-11-07
https://uma-free.com/races/2025-09-12?race=3&venue=%E5%B7%9D%E5%B4%8E,2025-11-07
https://uma-free.com/races/2024-11-16?race=1&venue=%E9%AB%98%E7%9F%A5,2025-11-07
https://uma-free.com/races/2025-06-14?race=1&venue=%E9%AB%98%E7%9F%A5,2025-11-07
https://uma-free.com/races/2024-12-21?race=3&venue=%E4%B8%AD%E5%B1%B1,2025-11-07
https://uma-free.com/races/2025-02-25?race=4&venue=%E5%A7%AB%E8%B7%AF,2025-11-07
https://uma-free.com/races/2025-03-01?race=4&venue=%E4%B8%AD%E5%B1%B1,2025-11-07
https://uma-free.com/races/2025-06-28?race=4&venue=%E5%87%BD%E9%A4%A8,2025-11-07
https://uma-free.com/races/2025-10-14?race=4&venue=%E5%B7%9D%E5%B4%8E,2025-11-07
https://uma-free.com/races/2024-11-13?race=5&venue=%E5%9C%92%E7%94%B0,2025-11-07
https://uma-free.com/races/2025-05-19?race=8&venue=%E5%A4%A7%E4%BA%95,2025-11-07
https://uma-free.com/races/2025-10-13?race=1&venue=%E6%9D%B1%E4%BA%AC,2025-11-07
https://uma-free.com/races/2025-03-23?race=2&venue=%E9%AB%98%E7%9F%A5,2025-11-07
https://uma-free.com/races/2025-01-18?race=7&venue=%E4%B8%AD%E4%BA%AC,2025-11-07
https://uma-free.com/races/2025-10-15?race=3&venue=%E5%9C%92%E7%94%B0,2025-11-07
https://uma-free.com/races/2025-01-09?race=4&venue=%E7%AC%A0%E6%9D%BE,2025-11-07
https://uma-free.com/races/2025-07-10?race=1&venue=%E9%96%80%E5%88%A5,2025-11-07
https://uma-free.com/races/2025-07-17?race=4&venue=%E5%A4%A7%E4%BA%95,2025-11-07
https://uma-free.com/races/2024-11-08?race=6&venue=%E7%AC%A0%E6%9D%BE,2025-11-07
https://uma-free.com/races/2025-09-07?race=4&venue=%E6%9C%AD%E5%B9%8C,2025-11-07
https://uma-free.com/races/2025-04-21?race=8&venue=%E6%B5%A6%E5%92%8C,2025-11-07
https://uma-free.com/races/2025-04-24?race=12&venue=%E6%B5%A6%E5%92%8C,2025-11-07
https://uma-free.com/races/2025-08-13?race=5&venue=%E5%9C%92%E7%94%B0,2025-11-07
https://uma-free.com/races/2025-10-11?race=3&venue=%E9%AB%98%E7%9F%A5,2025-11-07
https://uma-free.com/races/2025-02-21?race=10&venue=%E7%AC%A0%E6%9D%BE,2025-11-07
https://uma-free.com/races/2025-10-10?race=10&venue=%E7%AC%A0%E6%9D%BE,2025-11-07
https://uma-free.com/races/2025-06-18?race=5&venue=%E5%90%8D%E5%8F%A4%E5%B1%8B,2025-11-07
https://uma-free.com/races/2025-06-03?race=4&venue=%E9%87%91%E6%B2%A2,2025-11-07
https://uma-free.com/races/2024-11-20?race=3&venue=%E6%B5%A6%E5%92%8C,2025-11-07
https://uma-free.com/races/2025-02-25?race=1&venue=%E9%AB%98%E7%9F%A5,2025-11-07
https://uma-free.com/races/2025-03-24?race=7&venue=%E5%A4%A7%E4%BA%95,2025-11-07
https://uma-free.com/races/2024-10-27?race=3&venue=%E4%BA%AC%E9%83%BD,2025-11-07
https://uma-free.com/races/2025-08-02?race=9&venue=%E6%96%B0%E6%BD%9F,2025-11-07
https://uma-free.com/races/2024-11-20?race=1&venue=%E6%B5%A6%E5%92%8C,2025-11-07
https://uma-free.com/races/2024-10-02?race=2&venue=%E9%96%80%E5%88%A5,2025-11-07
https://uma-free.com/races/2025-06-18?race=6&venue=%E5%B7%9D%E5%B4%8E,2025-11-07
https://uma-free.com/races/2025-08-25?race=1&venue=%E7%9B%9B%E5%B2%A1,2025-11-07
https://uma-free.com/races/2025-09-04?race=6&venue=%E5%9C%92%E7%94%B0,2025-11-07
https://uma-free.com/races/2025-06-20?race=11&venue=%E5%B7%9D%E5%B4%8E,2025-11-07
https://uma-free.com/races/2025-01-22?race=4&venue=%E9%AB%98%E7%9F%A5,2025-11-07
https://uma-free.com/races/2024-10-31?race=1&venue=%E9%96%80%E5%88%A5,2025-11-07
https://uma-free.com/races/2025-07-02?race=2&venue=%E9%96%80%E5%88%A5,2025-11-07
https://uma-free.com/races/2025-10-26?race=4&venue=%E4%BA%AC%E9%83%BD,2025-11-07
https://uma-free.com/races/2024-10-23?race=5&venue=%E7%AC%A0%E6%9D%BE,2025-11-07
https://uma-free.com/races/2024-12-09?race=10&venue=%E6%B0%B4%E6%B2%A2,2025-11-07
https://uma-free.com/races/2025-06-24?race=5&venue=%E9%96%80%E5%88%A5,2025-11-07
https://uma-free.com/races/2025-09-24?race=9&venue=%E6%B5%A6%E5%92%8C,2025-11-07
https://uma-free.com/races/2024-11-26?race=8&venue=%E9%87%91%E6%B2%A2,2025-11-07
https://uma-free.com/races/2025-01-19?race=3&venue=%E4%B8%AD%E5%B1%B1,2025-11-07
https://uma-free.com/races/2025-07-05?race=2&venue=%E7%A6%8F%E5%B3%B6,2025-11-07
https://uma-free.com/races/2025-04-02?race=2&venue=%E7%AC%A0%E6%9D%BE,2025-11-07
https://uma-free.com/races/2025-07-06?race=4&venue=%E5%87%BD%E9%A4%A8,2025-11-07
https://uma-free.com/races/2025-08-10?race=9&venue=%E6%96%B0%E6%BD%9F,2025-11-07
https://uma-free.com/races/2025-01-13?race=3&venue=%E5%A4%A7%E4%BA%95,2025-11-07
https://uma-free.com/races/2025-07-10?race=3&venue=%E5%9C%92%E7%94%B0,2025-11-07
https://uma-free.com/races/2025-01-26?race=2&venue=%E4%B8%AD%E5%B1%B1,2025-11-07
https://uma-free.com/races/2025-07-22?race=9&venue=%E6%B5%A6%E5%92%8C,2025-11-07
https://uma-free.com/races/2025-07-16?race=3&venue=%E9%96%80%E5%88%A5,2025-11-07
https://uma-free.com/races/2025-07-22?race=6&venue=%E4%BD%90%E8%B3%80,2025-11-07
https://uma-free.com/races/2025-05-05?race=4&venue=%E5%9C%92%E7%94%B0,2025-11-07
https://uma-free.com/races/2025-07-16?race=5&venue=%E5%A4%A7%E4%BA%95,2025-11-07
https://uma-free.com/races/2024-12-15?race=3&venue=%E4%B8%AD%E4%BA%AC,2025-11-07
https://uma-free.com/races/2025-05-15?race=6&venue=%E5%B7%9D%E5%B4%8E,2025-11-07
https://uma-free.com/races/2025-10-21?race=12&venue=%E9%96%80%E5%88%A5,2025-11-07
https://uma-free.com/races/2025-03-08?race=7&venue=%E4%BD%90%E8%B3%80,2025-11-07
https://uma-free.com/races/2025-02-28?race=12&venue=%E6%B5%A6%E5%92%8C,2025-11-07
https://uma-free.com/races/2025-03-10?race=7&venue=%E5%A4%A7%E4%BA%95,2025-11-07
https://uma-free.com/races/2025-04-06?race=2&venue=%E9%AB%98%E7%9F%A5,2025-11-07
https://uma-free.com/races/2025-10-26?race=2&venue=%E4%BD%90%E8%B3%80,2025-11-07
https://uma-free.com/races/2024-10-27?race=5&venue=%E9%AB%98%E7%9F%A5,2025-11-07
https://uma-free.com/races/2024-12-30?race=1&venue=%E6%B0%B4%E6%B2%A2,2025-11-07
https://uma-free.com/races/2025-06-04?race=1&venue=%E5%9C%92%E7%94%B0,2025-11-07
https://uma-free.com/races/2025-09-17?race=2&venue=%E5%A4%A7%E4%BA%95,2025-11-07
https://uma-free.com/races/2025-03-16?race=3&venue=%E9%AB%98%E7%9F%A5,2025-11-07
https://uma-free.com/races/2025-06-11?race=5&venue=%E5%9C%92%E7%94%B0,2025-11-07
https://uma-free.com/races/2025-10-10?race=2&venue=%E5%A4%A7%E4%BA%95,2025-11-07
https://uma-free.com/races/2024-11-04?race=6&venue=%E5%9C%92%E7%94%B0,2025-11-07
https://uma-free.com/races/2024-11-04?race=1&venue=%E9%96%80%E5%88%A5,2025-11-07
https://uma-free.com/races/2025-03-13?race=8&venue=%E8%88%B9%E6%A9%8B,2025-11-07
https://uma-free.com/races/2025-04-03?race=8&venue=%E8%88%B9%E6%A9%8B,2025-11-07
https://uma-free.com/races/2024-10-15?race=2&venue=%E9%87%91%E6%B2%A2,2025-11-07
https://uma-free.com/races/2025-04-14?race=9&venue=%E5%A4%A7%E4%BA%95,2025-11-07
https://uma-free.com/races/2024-10-03?race=3&venue=%E5%9C%92%E7%94%B0,2025-11-07
https://uma-free.com/races/2024-11-06?race=3&venue=%E5%9C%92%E7%94%B0,2025-11-07
https://uma-free.com/races/2025-10-24?race=3&venue=%E7%AC%A0%E6%9D%BE,2025-11-07
https://uma-free.com/races/2025-05-16?race=7&venue=%E7%AC%A0%E6%9D%BE,2025-11-07
https://uma-free.com/races/2025-03-10?race=1&venue=%E6%B0%B4%E6%B2%A2,2025-11-07
https://uma-free.com/races/2024-12-25?race=12&venue=%E5%9C%92%E7%94%B0,2025-11-07
https://uma-free.com/races/2024-10-19?race=1&venue=%E4%BD%90%E8%B3%80,2025-11-07
https://uma-free.com/races/2025-10-07?race=5&venue=%E9%87%91%E6%B2%A2,2025-11-07
https://uma-free.com/races/2025-05-15?race=7&venue=%E9%96%80%E5%88%A5,2025-11-07
https://uma-free.com/races/2025-06-19?race=4&venue=%E9%96%80%E5%88%A5,2025-11-07
https://uma-free.com/races/2025-02-02?race=10&venue=%E4%BA%AC%E9%83%BD,2025-11-07
https://uma-free.com/races/2025-10-08?race=2&venue=%E7%AC%A0%E6%9D%BE,2025-11-07
https://uma-free.com/races/2025-01-16?race=4&venue=%E5%A4%A7%E4%BA%95,2025-11-07
https://uma-free.com/races/2025-06-16?race=9&venue=%E6%B0%B4%E6%B2%A2,2025-11-07
https://uma-free.com/races/2024-12-09?race=3&venue=%E5%B7%9D%E5%B4%8E,2025-11-07
https://uma-free.com/races/2025-06-29?race=3&venue=%E5%B0%8F%E5%80%89,2025-11-07
https://uma-free.com/races/2025-06-24?race=6&venue=%E6%B5%A6%E5%92%8C,2025-11-07
https://uma-free.com/races/2024-10-01?race=3&venue=%E5%A4%A7%E4%BA%95,2025-11-07
https://uma-free.com/races/2025-09-03?race=9&venue=%E5%9C%92%E7%94%B0,2025-11-07
https://uma-free.com/races/2025-04-15?race=3&venue=%E5%9C%92%E7%94%B0,2025-11-07
https://uma-free.com/races/2024-12-21?race=7&venue=%E4%BA%AC%E9%83%BD,2025-11-07
https://uma-free.com/races/2025-07-27?race=4&venue=%E9%87%91%E6%B2%A2,2025-11-07
https://uma-free.com/races/2024-12-28?race=1&venue=%E4%B8%AD%E5%B1%B1,2025-11-07
https://uma-free.com/races/2025-08-18?race=3&venue=%E6%B5%A6%E5%92%8C,2025-11-07
https://uma-free.com/races/2025-01-21?race=1&venue=%E7%AC%A0%E6%9D%BE,2025-11-07
https://uma-free.com/races/2025-05-26?race=6&venue=%E4%BD%90%E8%B3%80,2025-11-07
https://uma-free.com/races/2024-12-02?race=8&venue=%E9%87%91%E6%B2%A2,2025-11-07
https://uma-free.com/races/2025-09-23?race=3&venue=%E9%AB%98%E7%9F%A5,2025-11-07
https://uma-free.com/races/2025-04-01?race=8&venue=%E7%AC%A0%E6%9D%BE,2025-11-07
https://uma-free.com/races/2024-12-29?race=4&venue=%E5%A4%A7%E4%BA%95,2025-11-07
https://uma-free.com/races/2025-08-03?race=9&venue=%E9%AB%98%E7%9F%A5,2025-11-07
https://uma-free.com/races/2025-05-26?race=2&venue=%E7%9B%9B%E5%B2%A1,2025-11-07
https://uma-free.com/races/2025-05-03?race=11&venue=%E7%9B%9B%E5%B2%A1,2025-11-07
https://uma-free.com/races/2024-11-04?race=4&venue=%E5%9C%92%E7%94%B0,2025-11-07
https://uma-free.com/races/2024-11-26?race=6&venue=%E6%B0%B4%E6%B2%A2,2025-11-07
https://uma-free.com/races/2025-08-12?race=5&venue=%E7%9B%9B%E5%B2%A1,2025-11-07
https://uma-free.com/races/2025-09-03?race=10&venue=%E5%9C%92%E7%94%B0,2025-11-07
https://uma-free.com/races/2024-11-16?race=9&venue=%E4%BD%90%E8%B3%80,2025-11-07
https://uma-free.com/races/2025-07-22?race=1&venue=%E9%96%80%E5%88%A5,2025-11-06
https://uma-free.com/races/2025-06-29?race=1&venue=%E7%A6%8F%E5%B3%B6,2025-11-06
https://uma-free.com/races/2024-10-31?race=9&venue=%E8%88%B9%E6%A9%8B,2025-11-06
https://uma-free.com/races/2025-05-17?race=4&venue=%E6%9D%B1%E4%BA%AC,2025-11-06
https://uma-free.com/races/2025-09-15?race=2&venue=%E4%BD%90%E8%B3%80,2025-11-06
https://uma-free.com/races/2025-05-06?race=6&venue=%E7%9B%9B%E5%B2%A1,2025-11-06
https://uma-free.com/races/2025-08-20?race=4&venue=%E5%9C%92%E7%94%B0,2025-11-06
https://uma-free.com/races/2025-09-14?race=3&venue=%E4%BD%90%E8%B3%80,2025-11-06
https://uma-free.com/races/2025-10-23?race=4&venue=%E5%9C%92%E7%94%B0,2025-11-06
https://uma-free.com/races/2025-07-22?race=10&venue=%E6%B5%A6%E5%92%8C,2025-11-06
https://uma-free.com/races/2025-08-04?race=3&venue=%E5%B7%9D%E5%B4%8E,2025-11-06
https://uma-free.com/races/2025-06-08?race=2&venue=%E9%98%AA%E7%A5%9E,2025-11-06
https://uma-free.com/races/2024-10-14?race=2&venue=%E6%9D%B1%E4%BA%AC,2025-11-06
https://uma-free.com/races/2024-12-18?race=3&venue=%E8%88%B9%E6%A9%8B,2025-11-06
https://uma-free.com/races/2025-01-27?race=8&venue=%E5%A4%A7%E4%BA%95,2025-11-06
https://uma-free.com/races/2025-10-16?race=3&venue=%E5%90%8D%E5%8F%A4%E5%B1%8B,2025-11-06
https://uma-free.com/races/2025-07-07?race=5&venue=%E9%87%91%E6%B2%A2,2025-11-06
https://uma-free.com/races/2025-03-01?race=5&venue=%E4%B8%AD%E5%B1%B1,2025-11-06
https://uma-free.com/races/2024-12-15?race=5&venue=%E4%BA%AC%E9%83%BD,2025-11-06
https://uma-free.com/races/2025-09-23?race=3&venue=%E9%87%91%E6%B2%A2,2025-11-06
https://uma-free.com/races/2025-01-23?race=4&venue=%E8%88%B9%E6%A9%8B,2025-11-06
https://uma-free.com/races/2025-06-06?race=4&venue=%E5%9C%92%E7%94%B0,2025-11-06
https://uma-free.com/races/2025-06-16?race=12&venue=%E5%90%8D%E5%8F%A4%E5%B1%8B,2025-11-06
https://uma-free.com/races/2025-04-26?race=9&venue=%E4%BD%90%E8%B3%80,2025-11-06
https://uma-free.com/races/2025-05-23?race=11&venue=%E5%A4%A7%E4%BA%95,2025-11-06
https://uma-free.com/races/2025-03-19?race=4&venue=%E7%AC%A0%E6%9D%BE,2025-11-06
https://uma-free.com/races/2025-10-24?race=6&venue=%E7%AC%A0%E6%9D%BE,2025-11-06
https://uma-free.com/races/2025-09-18?race=1&venue=%E5%A4%A7%E4%BA%95,2025-11-06
https://uma-free.com/races/2025-06-18?race=8&venue=%E9%96%80%E5%88%A5,2025-11-06
https://uma-free.com/races/2025-08-28?race=2&venue=%E8%88%B9%E6%A9%8B,2025-11-06
https://uma-free.com/races/2025-06-22?race=1&venue=%E9%AB%98%E7%9F%A5,2025-11-06
https://uma-free.com/races/2025-07-06?race=4&venue=%E5%B0%8F%E5%80%89,2025-11-06
https://uma-free.com/races/2025-04-05?race=4&venue=%E9%AB%98%E7%9F%A5,2025-11-06
https://uma-free.com/races/2024-12-17?race=5&venue=%E9%87%91%E6%B2%A2,2025-11-06
https://uma-free.com/races/2025-09-29?race=5&venue=%E9%87%91%E6%B2%A2,2025-11-06
https://uma-free.com/races/2025-04-26?race=5&venue=%E4%BD%90%E8%B3%80,2025-11-06
https://uma-free.com/races/2025-05-03?race=6&venue=%E6%9D%B1%E4%BA%AC,2025-11-06
https://uma-free.com/races/2024-11-07?race=4&venue=%E5%A4%A7%E4%BA%95,2025-11-06
https://uma-free.com/races/2024-12-21?race=11&venue=%E4%B8%AD%E5%B1%B1,2025-11-06
https://uma-free.com/races/2025-10-30?race=1&venue=%E5%90%8D%E5%8F%A4%E5%B1%8B,2025-11-06
https://uma-free.com/races/2024-11-30?race=4&venue=%E4%BA%AC%E9%83%BD,2025-11-04
https://uma-free.com/races/2025-03-20?race=12&venue=%E5%9C%92%E7%94%B0,2025-11-04
https://uma-free.com/races/2024-11-09?race=5&venue=%E4%BD%90%E8%B3%80,2025-11-04
https://uma-free.com/races/2024-10-02?race=10&venue=%E5%9C%92%E7%94%B0,2025-11-04
https://uma-free.com/races/2025-08-01?race=4&venue=%E8%88%B9%E6%A9%8B,2025-11-04
https://uma-free.com/races/2025-08-17?race=12&venue=%E6%96%B0%E6%BD%9F,2025-11-04
https://uma-free.com/races/2025-09-07?race=1&venue=%E9%98%AA%E7%A5%9E,2025-11-04
https://uma-free.com/races/2025-04-06?race=4&venue=%E9%98%AA%E7%A5%9E,2025-11-04
https://uma-free.com/races/2024-12-30?race=5&venue=%E5%9C%92%E7%94%B0,2025-11-04
https://uma-free.com/races/2025-05-28?race=7&venue=%E9%96%80%E5%88%A5,2025-11-04
https://uma-free.com/races/2025-02-26?race=10&venue=%E5%90%8D%E5%8F%A4%E5%B1%8B,2025-11-04
https://uma-free.com/races/2025-01-13?race=5&venue=%E5%A4%A7%E4%BA%95,2025-11-04
https://uma-free.com/races/2025-02-14?race=2&venue=%E8%88%B9%E6%A9%8B,2025-11-04
https://uma-free.com/races/2024-12-07?race=1&venue=%E4%BA%AC%E9%83%BD,2025-11-04
https://uma-free.com/races/2025-06-08?race=9&venue=%E9%AB%98%E7%9F%A5,2025-11-04
https://uma-free.com/races/2025-07-11?race=10&venue=%E5%9C%92%E7%94%B0,2025-11-04
https://uma-free.com/races/2025-02-04?race=2&venue=%E5%B7%9D%E5%B4%8E,2025-11-04
https://uma-free.com/races/2024-10-11?race=5&venue=%E5%9C%92%E7%94%B0,2025-11-04
https://uma-free.com/races/2025-11-04?race=1&venue=%E5%9C%92%E7%94%B0,2025-11-04
https://uma-free.com/races/2025-02-05?race=7&venue=%E9%AB%98%E7%9F%A5,2025-11-04
https://uma-free.com/races/2025-09-09?race=6&venue=%E7%AC%A0%E6%9D%BE,2025-11-04
https://uma-free.com/races/2024-12-24?race=8&venue=%E6%B5%A6%E5%92%8C,2025-11-04
https://uma-free.com/races/2025-03-06?race=2&venue=%E4%BD%90%E8%B3%80,2025-11-04
https://uma-free.com/races/2025-02-28?race=12&venue=%E5%90%8D%E5%8F%A4%E5%B1%8B,2025-11-04
https://uma-free.com/races/2024-12-26?race=4&venue=%E5%9C%92%E7%94%B0,2025-11-04
https://uma-free.com/races/2025-05-13?race=4&venue=%E9%87%91%E6%B2%A2,2025-11-04
https://uma-free.com/races/2024-11-27?race=4&venue=%E8%88%B9%E6%A9%8B,2025-11-04
https://uma-free.com/races/2025-07-09?race=1&venue=%E5%B7%9D%E5%B4%8E,2025-11-04
https://uma-free.com/races/2024-11-26?race=1&venue=%E9%87%91%E6%B2%A2,2025-11-04
https://uma-free.com/races/2025-02-16?race=5&venue=%E9%AB%98%E7%9F%A5,2025-11-04
https://uma-free.com/races/2025-01-11?race=3&venue=%E4%B8%AD%E4%BA%AC,2025-11-04
https://uma-free.com/races/2025-06-29?race=3&venue=%E7%A6%8F%E5%B3%B6,2025-11-04
https://uma-free.com/races/2024-10-13?race=1&venue=%E6%9D%B1%E4%BA%AC,2025-11-04
https://uma-free.com/races/2025-06-10?race=9&venue=%E9%96%80%E5%88%A5,2025-11-04
https://uma-free.com/races/2024-11-05?race=4&venue=%E7%9B%9B%E5%B2%A1,2025-11-04
https://uma-free.com/races/2024-10-29?race=2&venue=%E7%9B%9B%E5%B2%A1,2025-11-04
https://uma-free.com/races/2025-10-23?race=4&venue=%E5%A4%A7%E4%BA%95,2025-11-04
https://uma-free.com/races/2025-05-10?race=3&venue=%E4%BA%AC%E9%83%BD,2025-11-04
https://uma-free.com/races/2025-07-14?race=12&venue=%E5%A4%A7%E4%BA%95,2025-11-04
https://uma-free.com/races/2025-04-28?race=8&venue=%E5%A4%A7%E4%BA%95,2025-11-04
https://uma-free.com/races/2025-05-22?race=5&venue=%E9%96%80%E5%88%A5,2025-11-04
https://uma-free.com/races/2024-12-23?race=7&venue=%E6%B0%B4%E6%B2%A2,2025-11-04
https://uma-free.com/races/2025-10-06?race=3&venue=%E5%A4%A7%E4%BA%95,2025-11-04
https://uma-free.com/races/2025-01-16?race=7&venue=%E5%A4%A7%E4%BA%95,2025-11-04
https://uma-free.com/races/2025-05-10?race=1&venue=%E6%9D%B1%E4%BA%AC,2025-11-04
https://uma-free.com/races/2025-09-05?race=11&venue=%E5%A4%A7%E4%BA%95,2025-11-04
https://uma-free.com/races/2025-07-09?race=4&venue=%E5%9C%92%E7%94%B0,2025-11-04
https://uma-free.com/races/2025-01-09?race=1&venue=%E5%9C%92%E7%94%B0,2025-11-04
https://uma-free.com/races/2024-12-05?race=10&venue=%E5%9C%92%E7%94%B0,2025-11-04
https://uma-free.com/races/2025-01-30?race=12&venue=%E5%90%8D%E5%8F%A4%E5%B1%8B,2025-11-04
https://uma-free.com/races/2025-05-25?race=3&venue=%E6%9D%B1%E4%BA%AC,2025-11-04
https://uma-free.com/races/2025-07-08?race=3&venue=%E7%9B%9B%E5%B2%A1,2025-11-03
https://uma-free.com/races/2025-07-09?race=7&venue=%E5%9C%92%E7%94%B0,2025-11-03
https://uma-free.com/races/2025-05-10?race=2&venue=%E9%AB%98%E7%9F%A5,2025-11-03
https://uma-free.com/races/2024-10-13?race=1&venue=%E9%AB%98%E7%9F%A5,2025-11-03
https://uma-free.com/races/2025-09-24?race=6&venue=%E6%B5%A6%E5%92%8C,2025-11-03
https://uma-free.com/races/2025-04-01?race=7&venue=%E8%88%B9%E6%A9%8B,2025-11-03
https://uma-free.com/races/2025-08-18?race=2&venue=%E6%B5%A6%E5%92%8C,2025-11-03
https://uma-free.com/races/2025-10-24?race=5&venue=%E5%9C%92%E7%94%B0,2025-11-03
https://uma-free.com/races/2025-03-11?race=1&venue=%E9%AB%98%E7%9F%A5,2025-11-03
https://uma-free.com/races/2025-06-23?race=1&venue=%E6%B0%B4%E6%B2%A2,2025-11-03
https://uma-free.com/races/2025-02-24?race=4&venue=%E5%A7%AB%E8%B7%AF,2025-11-03
https://uma-free.com/races/2025-02-22?race=2&venue=%E4%BD%90%E8%B3%80,2025-11-03
https://uma-free.com/races/2025-01-18?race=1&venue=%E4%BD%90%E8%B3%80,2025-11-03
https://uma-free.com/races/2025-02-11?race=1&venue=%E8%88%B9%E6%A9%8B,2025-11-03
https://uma-free.com/races/2025-05-17?race=9&venue=%E4%BD%90%E8%B3%80,2025-11-03
https://uma-free.com/races/2025-08-20?race=6&venue=%E6%B5%A6%E5%92%8C,2025-11-03
https://uma-free.com/races/2025-02-12?race=7&venue=%E9%AB%98%E7%9F%A5,2025-11-03
https://uma-free.com/races/2025-04-24?race=5&venue=%E9%96%80%E5%88%A5,2025-11-03
https://uma-free.com/races/2025-03-23?race=1&venue=%E6%B0%B4%E6%B2%A2,2025-11-03
https://uma-free.com/races/2025-08-03?race=3&venue=%E7%9B%9B%E5%B2%A1,2025-11-03
https://uma-free.com/races/2024-10-29?race=1&venue=%E5%9C%92%E7%94%B0,2025-11-03
https://uma-free.com/races/2024-12-02?race=7&venue=%E6%B0%B4%E6%B2%A2,2025-11-03
https://uma-free.com/races/2025-10-08?race=1&venue=%E5%9C%92%E7%94%B0,2025-11-03
https://uma-free.com/races/2025-06-04?race=7&venue=%E9%96%80%E5%88%A5,2025-11-03
https://uma-free.com/races/2025-08-09?race=2&venue=%E4%BD%90%E8%B3%80,2025-11-03
https://uma-free.com/races/2025-08-23?race=4&venue=%E6%96%B0%E6%BD%9F,2025-11-03
https://uma-free.com/races/2025-10-20?race=4&venue=%E5%A4%A7%E4%BA%95,2025-11-03
https://uma-free.com/races/2025-04-19?race=4&venue=%E7%A6%8F%E5%B3%B6,2025-11-03
https://uma-free.com/races/2025-08-21?race=3&venue=%E5%B7%9D%E5%B4%8E,2025-11-03
https://uma-free.com/races/2025-05-03?race=5&venue=%E4%BA%AC%E9%83%BD,2025-11-03
https://uma-free.com/races/2025-07-29?race=4&venue=%E7%9B%9B%E5%B2%A1,2025-11-03
https://uma-free.com/races/2025-09-20?race=4&venue=%E4%B8%AD%E5%B1%B1,2025-11-03
https://uma-free.com/races/2024-12-08?race=3&venue=%E9%87%91%E6%B2%A2,2025-11-03
https://uma-free.com/races/2024-12-27?race=9&venue=%E9%87%91%E6%B2%A2,2025-11-03
https://uma-free.com/races/2024-10-06?race=4&venue=%E9%AB%98%E7%9F%A5,2025-11-03
https://uma-free.com/races/2025-07-23?race=1&venue=%E9%96%80%E5%88%A5,2025-11-03
https://uma-free.com/races/2024-11-04?race=5&venue=%E4%BD%90%E8%B3%80,2025-11-03
https://uma-free.com/races/2024-12-08?race=4&venue=%E4%B8%AD%E4%BA%AC,2025-11-03
https://uma-free.com/races/2025-02-23?race=5&venue=%E4%BA%AC%E9%83%BD,2025-11-03
https://uma-free.com/races/2025-09-29?race=8&venue=%E6%B0%B4%E6%B2%A2,2025-11-03
https://uma-free.com/races/2024-10-07?race=7&venue=%E7%9B%9B%E5%B2%A1,2025-11-03
https://uma-free.com/races/2025-06-10?race=2&venue=%E6%B0%B4%E6%B2%A2,2025-11-03
https://uma-free.com/races/2025-02-04?race=2&venue=%E7%AC%A0%E6%9D%BE,2025-11-03
https://uma-free.com/races/2024-11-27?race=2&venue=%E8%88%B9%E6%A9%8B,2025-11-03
https://uma-free.com/races/2025-06-29?race=1&venue=%E4%BD%90%E8%B3%80,2025-11-03
https://uma-free.com/races/2025-03-07?race=9&venue=%E7%AC%A0%E6%9D%BE,2025-11-03
https://uma-free.com/races/2025-04-21?race=4&venue=%E6%B0%B4%E6%B2%A2,2025-11-03
https://uma-free.com/races/2025-09-22?race=5&venue=%E6%B0%B4%E6%B2%A2,2025-11-03
https://uma-free.com/races/2024-10-07?race=5&venue=%E7%9B%9B%E5%B2%A1,2025-11-03
https://uma-free.com/races/2025-09-17?race=9&venue=%E5%9C%92%E7%94%B0,2025-11-03
https://uma-free.com/races/2025-02-02?race=5&venue=%E6%9D%B1%E4%BA%AC,2025-11-03
https://uma-free.com/races/2025-07-14?race=10&venue=%E5%A4%A7%E4%BA%95,2025-11-03
https://uma-free.com/races/2025-09-18?race=6&venue=%E9%96%80%E5%88%A5,2025-11-03
https://uma-free.com/races/2025-07-30?race=3&venue=%E9%96%80%E5%88%A5,2025-11-03
https://uma-free.com/races/2025-07-15?race=2&venue=%E7%9B%9B%E5%B2%A1,2025-11-03
https://uma-free.com/races/2025-09-11?race=3&venue=%E7%AC%A0%E6%9D%BE,2025-11-03
https://uma-free.com/races/2025-05-31?race=7&venue=%E4%BA%AC%E9%83%BD,2025-11-03
https://uma-free.com/races/2025-09-21?race=11&venue=%E4%B8%AD%E5%B1%B1,2025-11-03
https://uma-free.com/races/2025-07-04?race=3&venue=%E5%A4%A7%E4%BA%95,2025-11-03
https://uma-free.com/races/2025-10-09?race=5&venue=%E9%96%80%E5%88%A5,2025-11-03
https://uma-free.com/races/2025-04-27?race=4&venue=%E6%B0%B4%E6%B2%A2,2025-11-03
https://uma-free.com/races/2024-11-04?race=6&venue=%E4%BD%90%E8%B3%80,2025-11-03
https://uma-free.com/races/2025-09-17?race=12&venue=%E5%A4%A7%E4%BA%95,2025-11-03
https://uma-free.com/races/2025-10-03?race=5&venue=%E5%9C%92%E7%94%B0,2025-11-03
https://uma-free.com/races/2025-05-31?race=4&venue=%E9%AB%98%E7%9F%A5,2025-11-03
https://uma-free.com/races/2025-07-21?race=7&venue=%E6%B5%A6%E5%92%8C,2025-11-03
https://uma-free.com/races/2024-11-06?race=7&venue=%E9%96%80%E5%88%A5,2025-11-03
https://uma-free.com/races/2025-06-11?race=4&venue=%E7%AC%A0%E6%9D%BE,2025-11-03
https://uma-free.com/races/2025-04-05?race=1&venue=%E9%98%AA%E7%A5%9E,2025-11-03
https://uma-free.com/races/2024-12-27?race=4&venue=%E9%87%91%E6%B2%A2,2025-11-03
https://uma-free.com/races/2025-07-07?race=7&venue=%E5%B7%9D%E5%B4%8E,2025-11-03
https://uma-free.com/races/2025-09-26?race=7&venue=%E6%B5%A6%E5%92%8C,2025-11-03
https://uma-free.com/races/2025-01-07?race=7&venue=%E6%B5%A6%E5%92%8C,2025-11-03
https://uma-free.com/races/2025-09-30?race=4&venue=%E6%B0%B4%E6%B2%A2,2025-11-03
https://uma-free.com/races/2025-04-22?race=5&venue=%E6%B5%A6%E5%92%8C,2025-11-03
https://uma-free.com/races/2024-12-13?race=9&venue=%E7%AC%A0%E6%9D%BE,2025-11-03
https://uma-free.com/races/2024-10-17?race=3&venue=%E5%9C%92%E7%94%B0,2025-11-03
https://uma-free.com/races/2025-03-26?race=3&venue=%E9%AB%98%E7%9F%A5,2025-11-03
https://uma-free.com/races/2025-10-12?race=1&venue=%E7%9B%9B%E5%B2%A1,2025-11-03
https://uma-free.com/races/2025-08-25?race=5&venue=%E5%B7%9D%E5%B4%8E,2025-11-03
https://uma-free.com/races/2024-10-23?race=1&venue=%E7%AC%A0%E6%9D%BE,2025-11-03
https://uma-free.com/races/2025-06-14?race=4&venue=%E4%BD%90%E8%B3%80,2025-11-03
https://uma-free.com/races/2025-04-26?race=6&venue=%E6%B0%B4%E6%B2%A2,2025-11-03
https://uma-free.com/races/2025-04-21?race=4&venue=%E6%B5%A6%E5%92%8C,2025-11-03
https://uma-free.com/races/2025-06-23?race=7&venue=%E9%87%91%E6%B2%A2,2025-11-03
https://uma-free.com/races/2025-02-10?race=9&venue=%E4%BA%AC%E9%83%BD,2025-11-03
https://uma-free.com/races/2025-09-24?race=7&venue=%E5%9C%92%E7%94%B0,2025-11-03
https://uma-free.com/races/2024-11-22?race=7&venue=%E5%90%8D%E5%8F%A4%E5%B1%8B,2025-11-03
https://uma-free.com/races/2025-06-18?race=1&venue=%E5%9C%92%E7%94%B0,2025-11-03
https://uma-free.com/races/2025-08-31?race=1&venue=%E6%9C%AD%E5%B9%8C,2025-11-03
https://uma-free.com/races/2025-09-05?race=12&venue=%E5%9C%92%E7%94%B0,2025-11-03
https://uma-free.com/races/2025-04-23?race=7&venue=%E5%9C%92%E7%94%B0,2025-11-03
https://uma-free.com/races/2025-03-23?race=1&venue=%E4%B8%AD%E5%B1%B1,2025-11-03
https://uma-free.com/races/2025-05-29?race=12&venue=%E7%AC%A0%E6%9D%BE,2025-11-03
https://uma-free.com/races/2025-08-26?race=3&venue=%E9%96%80%E5%88%A5,2025-11-03
https://uma-free.com/races/2025-07-04?race=8&venue=%E8%88%B9%E6%A9%8B,2025-11-03
https://uma-free.com/races/2025-10-01?race=2&venue=%E9%96%80%E5%88%A5,2025-11-03
https://uma-free.com/races/2025-07-05?race=3&venue=%E8%88%B9%E6%A9%8B,2025-11-03
https://uma-free.com/races/2025-08-29?race=4&venue=%E8%88%B9%E6%A9%8B,2025-11-03
https://uma-free.com/races/2025-09-06?race=2&venue=%E9%AB%98%E7%9F%A5,2025-11-03
https://uma-free.com/races/2024-12-10?race=1&venue=%E5%B7%9D%E5%B4%8E,2025-11-03
https://uma-free.com/races/2025-01-08?race=8&venue=%E6%B5%A6%E5%92%8C,2025-11-03
https://uma-free.com/races/2024-11-09?race=5&venue=%E9%AB%98%E7%9F%A5,2025-11-03
https://uma-free.com/races/2024-12-06?race=3&venue=%E5%90%8D%E5%8F%A4%E5%B1%8B,2025-11-03
https://uma-free.com/races/2025-03-05?race=4&venue=%E5%B7%9D%E5%B4%8E,2025-11-03
https://uma-free.com/races/2025-09-26?race=9&venue=%E5%9C%92%E7%94%B0,2025-11-03
https://uma-free.com/races/2025-01-27?race=1&venue=%E5%90%8D%E5%8F%A4%E5%B1%8B,2025-11-03
https://uma-free.com/races/2025-07-25?race=4&venue=%E5%9C%92%E7%94%B0,2025-11-03
https://uma-free.com/races/2025-08-05?race=9&venue=%E7%9B%9B%E5%B2%A1,2025-11-03
https://uma-free.com/races/2025-09-21?race=9&venue=%E9%AB%98%E7%9F%A5,2025-11-03
https://uma-free.com/races/2025-01-05?race=7&venue=%E4%B8%AD%E4%BA%AC,2025-11-03
https://uma-free.com/races/2025-03-22?race=4&venue=%E9%98%AA%E7%A5%9E,2025-11-03
https://uma-free.com/races/2025-06-24?race=1&venue=%E6%B5%A6%E5%92%8C,2025-11-03
https://uma-free.com/races/2025-09-30?race=4&venue=%E4%BD%90%E8%B3%80,2025-11-03
https://uma-free.com/races/2025-07-24?race=8&venue=%E9%96%80%E5%88%A5,2025-11-03
https://uma-free.com/races/2024-10-26?race=5&venue=%E6%9D%B1%E4%BA%AC,2025-11-03
https://uma-free.com/races/2025-08-15?race=6&venue=%E5%A4%A7%E4%BA%95,2025-11-03
https://uma-free.com/races/2024-10-03?race=10&venue=%E9%96%80%E5%88%A5,2025-11-03
https://uma-free.com/races/2025-09-30?race=6&venue=%E4%BD%90%E8%B3%80,2025-11-03
https://uma-free.com/races/2025-09-14?race=1&venue=%E9%98%AA%E7%A5%9E,2025-11-03
https://uma-free.com/races/2025-04-18?race=9&venue=%E5%A4%A7%E4%BA%95,2025-11-03
https://uma-free.com/races/2025-09-26?race=7&venue=%E5%9C%92%E7%94%B0,2025-11-03
https://uma-free.com/races/2025-04-15?race=5&venue=%E5%9C%92%E7%94%B0,2025-11-03
https://uma-free.com/races/2024-10-07?race=4&venue=%E7%9B%9B%E5%B2%A1,2025-11-03
https://uma-free.com/races/2025-07-15?race=5&venue=%E5%A4%A7%E4%BA%95,2025-11-03
https://uma-free.com/races/2025-10-12?race=2&venue=%E7%9B%9B%E5%B2%A1,2025-11-03
https://uma-free.com/races/2025-03-15?race=5&venue=%E4%BD%90%E8%B3%80,2025-11-03
https://uma-free.com/races/2024-11-03?race=8&venue=%E9%87%91%E6%B2%A2,2025-11-03
https://uma-free.com/races/2025-03-27?race=12&venue=%E5%A4%A7%E4%BA%95,2025-11-03
https://uma-free.com/races/2025-05-06?race=2&venue=%E8%88%B9%E6%A9%8B,2025-11-03
https://uma-free.com/races/2024-10-10?race=7&venue=%E9%96%80%E5%88%A5,2025-11-03
https://uma-free.com/races/2025-05-09?race=6&venue=%E8%88%B9%E6%A9%8B,2025-11-03
https://uma-free.com/races/2025-03-29?race=1&venue=%E9%98%AA%E7%A5%9E,2025-11-03
https://uma-free.com/races/2025-06-17?race=6&venue=%E6%B0%B4%E6%B2%A2,2025-11-03
https://uma-free.com/races/2024-10-06?race=5&venue=%E4%BD%90%E8%B3%80,2025-11-03
https://uma-free.com/races/2024-12-03?race=6&venue=%E9%87%91%E6%B2%A2,2025-11-03
https://uma-free.com/races/2024-11-08?race=2&venue=%E5%A4%A7%E4%BA%95,2025-11-03
https://uma-free.com/races/2025-03-08?race=4&venue=%E4%B8%AD%E5%B1%B1,2025-11-03
https://uma-free.com/races/2025-09-09?race=6&venue=%E7%9B%9B%E5%B2%A1,2025-11-03
https://uma-free.com/races/2025-09-30?race=1&venue=%E9%96%80%E5%88%A5,2025-11-03
https://uma-free.com/races/2025-08-21?race=6&venue=%E5%B7%9D%E5%B4%8E,2025-11-03
https://uma-free.com/races/2025-06-30?race=10&venue=%E6%B0%B4%E6%B2%A2,2025-11-03
https://uma-free.com/races/2025-04-26?race=1&venue=%E6%B0%B4%E6%B2%A2,2025-11-03
https://uma-free.com/races/2025-03-24?race=2&venue=%E6%B0%B4%E6%B2%A2,2025-11-03
https://uma-free.com/races/2025-03-09?race=7&venue=%E9%98%AA%E7%A5%9E,2025-11-03
https://uma-free.com/races/2025-09-20?race=4&venue=%E9%98%AA%E7%A5%9E,2025-11-03
https://uma-free.com/races/2024-12-06?race=2&venue=%E5%90%8D%E5%8F%A4%E5%B1%8B,2025-11-03
https://uma-free.com/races/2025-07-03?race=3&venue=%E9%96%80%E5%88%A5,2025-11-03
https://uma-free.com/races/2025-06-29?race=2&venue=%E4%BD%90%E8%B3%80,2025-11-03
https://uma-free.com/races/2025-03-09?race=1&venue=%E9%98%AA%E7%A5%9E,2025-11-03
https://uma-free.com/races/2025-06-03?race=6&venue=%E8%88%B9%E6%A9%8B,2025-11-03
https://uma-free.com/races/2025-06-04?race=2&venue=%E8%88%B9%E6%A9%8B,2025-11-03
https://uma-free.com/races/2025-04-15?race=6&venue=%E5%9C%92%E7%94%B0,2025-11-03
https://uma-free.com/races/2025-07-20?race=2&venue=%E7%A6%8F%E5%B3%B6,2025-11-03
https://uma-free.com/races/2025-08-10?race=5&venue=%E6%9C%AD%E5%B9%8C,2025-11-03
https://uma-free.com/races/2025-05-31?race=8&venue=%E4%BD%90%E8%B3%80,2025-11-03
https://uma-free.com/races/2024-11-06?race=2&venue=%E5%A4%A7%E4%BA%95,2025-11-03
https://uma-free.com/races/2025-10-26?race=3&venue=%E6%9D%B1%E4%BA%AC,2025-11-03
https://uma-free.com/races/2024-12-12?race=6&venue=%E7%AC%A0%E6%9D%BE,2025-11-03
https://uma-free.com/races/2025-03-09?race=4&venue=%E4%BD%90%E8%B3%80,2025-11-03
https://uma-free.com/races/2025-01-06?race=4&venue=%E4%BD%90%E8%B3%80,2025-11-03
https://uma-free.com/races/2025-02-05?race=12&venue=%E5%A7%AB%E8%B7%AF,2025-11-03
https://uma-free.com/races/2025-06-28?race=1&venue=%E9%AB%98%E7%9F%A5,2025-11-03
https://uma-free.com/races/2025-07-02?race=8&venue=%E5%A4%A7%E4%BA%95,2025-11-03
https://uma-free.com/races/2025-07-04?race=9&venue=%E8%88%B9%E6%A9%8B,2025-11-03
https://uma-free.com/races/2024-12-18?race=5&venue=%E5%9C%92%E7%94%B0,2025-11-03
https://uma-free.com/races/2025-06-19?race=4&venue=%E5%B7%9D%E5%B4%8E,2025-11-03
https://uma-free.com/races/2024-12-05?race=8&venue=%E5%9C%92%E7%94%B0,2025-11-03
https://uma-free.com/races/2025-03-08?race=6&venue=%E4%BD%90%E8%B3%80,2025-11-03
https://uma-free.com/races/2025-09-03?race=1&venue=%E5%9C%92%E7%94%B0,2025-11-03
https://uma-free.com/races/2025-07-18?race=3&venue=%E5%9C%92%E7%94%B0,2025-11-03
https://uma-free.com/races/2025-09-14?race=9&venue=%E4%BD%90%E8%B3%80,2025-11-03
https://uma-free.com/races/2024-11-28?race=7&venue=%E7%AC%A0%E6%9D%BE,2025-11-03
https://uma-free.com/races/2025-06-11?race=2&venue=%E5%A4%A7%E4%BA%95,2025-11-03
https://uma-free.com/races/2025-07-13?race=4&venue=%E5%B0%8F%E5%80%89,2025-11-03
https://uma-free.com/races/2025-05-11?race=4&venue=%E4%BD%90%E8%B3%80,2025-11-03
https://uma-free.com/races/2025-06-12?race=5&venue=%E9%96%80%E5%88%A5,2025-11-03
https://uma-free.com/races/2025-04-12?race=1&venue=%E7%A6%8F%E5%B3%B6,2025-11-03
https://uma-free.com/races/2025-07-08?race=6&venue=%E9%87%91%E6%B2%A2,2025-11-03
https://uma-free.com/races/2025-09-15?race=2&venue=%E6%B0%B4%E6%B2%A2,2025-11-03
https://uma-free.com/races/2025-09-19?race=8&venue=%E5%A4%A7%E4%BA%95,2025-11-03
https://uma-free.com/races/2025-08-27?race=2&venue=%E5%9C%92%E7%94%B0,2025-11-03
https://uma-free.com/races/2025-08-26?race=8&venue=%E9%96%80%E5%88%A5,2025-11-03
https://uma-free.com/races/2025-05-09?race=3&venue=%E8%88%B9%E6%A9%8B,2025-11-03
https://uma-free.com/races/2024-12-19?race=10&venue=%E5%9C%92%E7%94%B0,2025-11-03
https://uma-free.com/races/2025-05-23?race=10&venue=%E5%9C%92%E7%94%B0,2025-11-03
https://uma-free.com/races/2025-10-25?race=3&venue=%E4%BD%90%E8%B3%80,2025-11-03
https://uma-free.com/races/2025-08-02?race=4&venue=%E4%B8%AD%E4%BA%AC,2025-11-03
https://uma-free.com/races/2025-09-16?race=1&venue=%E5%A4%A7%E4%BA%95,2025-11-03
https://uma-free.com/races/2024-12-23?race=4&venue=%E6%B5%A6%E5%92%8C,2025-11-03
https://uma-free.com/races/2025-07-15?race=4&venue=%E7%9B%9B%E5%B2%A1,2025-11-03
https://uma-free.com/races/2025-06-04?race=4&venue=%E9%96%80%E5%88%A5,2025-11-03
https://uma-free.com/races/2025-05-22?race=1&venue=%E5%9C%92%E7%94%B0,2025-11-03
https://uma-free.com/races/2025-07-01?race=1&venue=%E5%A4%A7%E4%BA%95,2025-11-03
https://uma-free.com/races/2025-01-16?race=2&venue=%E5%9C%92%E7%94%B0,2025-11-03
https://uma-free.com/races/2025-09-07?race=1&venue=%E6%9C%AD%E5%B9%8C,2025-11-03
https://uma-free.com/races/2025-10-16?race=8&venue=%E9%96%80%E5%88%A5,2025-11-03
https://uma-free.com/races/2025-03-22?race=3&venue=%E4%B8%AD%E4%BA%AC,2025-11-03
https://uma-free.com/races/2025-01-12?race=12&venue=%E4%B8%AD%E5%B1%B1,2025-11-03
https://uma-free.com/races/2025-09-28?race=3&venue=%E9%98%AA%E7%A5%9E,2025-11-03
https://uma-free.com/races/2024-12-10?race=3&venue=%E5%9C%92%E7%94%B0,2025-11-03
https://uma-free.com/races/2025-06-30?race=5&venue=%E8%88%B9%E6%A9%8B,2025-11-03
https://uma-free.com/races/2024-10-02?race=1&venue=%E5%9C%92%E7%94%B0,2025-11-03
https://uma-free.com/races/2025-10-06?race=7&venue=%E6%B0%B4%E6%B2%A2,2025-11-03
https://uma-free.com/races/2025-10-16?race=5&venue=%E5%9C%92%E7%94%B0,2025-11-03
https://uma-free.com/races/2024-10-21?race=1&venue=%E9%87%91%E6%B2%A2,2025-11-03
https://uma-free.com/races/2024-10-25?race=7&venue=%E5%9C%92%E7%94%B0,2025-11-03
https://uma-free.com/races/2025-02-02?race=1&venue=%E9%AB%98%E7%9F%A5,2025-11-03
https://uma-free.com/races/2024-10-18?race=4&venue=%E5%A4%A7%E4%BA%95,2025-11-03
https://uma-free.com/races/2025-09-30?race=3&venue=%E6%B0%B4%E6%B2%A2,2025-11-03
https://uma-free.com/races/2025-05-27?race=1&venue=%E7%9B%9B%E5%B2%A1,2025-11-03
https://uma-free.com/races/2025-09-06?race=2&venue=%E4%BD%90%E8%B3%80,2025-11-03
https://uma-free.com/races/2025-09-24?race=12&venue=%E9%96%80%E5%88%A5,2025-11-03
https://uma-free.com/races/2025-09-29?race=11&venue=%E9%87%91%E6%B2%A2,2025-11-03
https://uma-free.com/races/2025-08-15?race=12&venue=%E5%9C%92%E7%94%B0,2025-11-03
https://uma-free.com/races/2025-10-16?race=2&venue=%E5%9C%92%E7%94%B0,2025-11-03
https://uma-free.com/races/2024-11-02?race=5&venue=%E4%BD%90%E8%B3%80,2025-11-03
https://uma-free.com/races/2025-08-03?race=2&venue=%E4%B8%AD%E4%BA%AC,2025-11-03
https://uma-free.com/races/2025-01-23?race=4&venue=%E7%AC%A0%E6%9D%BE,2025-11-03
https://uma-free.com/races/2025-01-29?race=5&venue=%E5%A4%A7%E4%BA%95,2025-11-03
https://uma-free.com/races/2024-10-09?race=3&venue=%E7%AC%A0%E6%9D%BE,2025-11-03
https://uma-free.com/races/2025-04-08?race=11&venue=%E5%90%8D%E5%8F%A4%E5%B1%8B,2025-11-03
https://uma-free.com/races/2024-10-17?race=5&venue=%E5%A4%A7%E4%BA%95,2025-11-03
https://uma-free.com/races/2025-07-02?race=10&venue=%E9%96%80%E5%88%A5,2025-11-03
https://uma-free.com/races/2025-09-18?race=1&venue=%E5%9C%92%E7%94%B0,2025-11-03
https://uma-free.com/races/2025-09-07?race=3&venue=%E4%B8%AD%E5%B1%B1,2025-11-03
https://uma-free.com/races/2024-11-09?race=5&venue=%E7%A6%8F%E5%B3%B6,2025-11-03
https://uma-free.com/races/2024-12-03?race=9&venue=%E5%A4%A7%E4%BA%95,2025-11-03
https://uma-free.com/races/2024-10-09?race=2&venue=%E7%AC%A0%E6%9D%BE,2025-11-03
https://uma-free.com/races/2025-07-03?race=6&venue=%E5%A4%A7%E4%BA%95,2025-11-03
https://uma-free.com/races/2025-05-24?race=4&venue=%E9%AB%98%E7%9F%A5,2025-11-03
https://uma-free.com/races/2025-09-24?race=4&venue=%E7%AC%A0%E6%9D%BE,2025-11-03
https://uma-free.com/races/2025-06-23?race=8&venue=%E6%B0%B4%E6%B2%A2,2025-11-03
https://uma-free.com/races/2024-12-25?race=12&venue=%E5%A4%A7%E4%BA%95,2025-11-03
https://uma-free.com/races/2024-10-28?race=2&venue=%E7%9B%9B%E5%B2%A1,2025-11-03
https://uma-free.com/races/2024-12-06?race=9&venue=%E5%A4%A7%E4%BA%95,2025-11-03
https://uma-free.com/races/2025-05-17?race=10&venue=%E6%9D%B1%E4%BA%AC,2025-11-03
https://uma-free.com/races/2024-11-30?race=3&venue=%E4%BD%90%E8%B3%80,2025-11-03
https://uma-free.com/races/2025-10-16?race=7&venue=%E9%96%80%E5%88%A5,2025-11-03
https://uma-free.com/races/2024-11-25?race=3&venue=%E8%88%B9%E6%A9%8B,2025-11-03
https://uma-free.com/races/2025-05-20?race=3&venue=%E5%A4%A7%E4%BA%95,2025-11-03
https://uma-free.com/races/2025-04-07?race=7&venue=%E6%B0%B4%E6%B2%A2,2025-11-03
https://uma-free.com/races/2025-05-16?race=2&venue=%E7%AC%A0%E6%9D%BE,2025-11-03
https://uma-free.com/races/2025-09-24?race=2&venue=%E7%AC%A0%E6%9D%BE,2025-11-03
https://uma-free.com/races/2024-12-07?race=4&venue=%E9%AB%98%E7%9F%A5,2025-11-03
https://uma-free.com/races/2025-02-09?race=3&venue=%E9%AB%98%E7%9F%A5,2025-11-03
https://uma-free.com/races/2025-07-08?race=4&venue=%E9%87%91%E6%B2%A2,2025-11-03
https://uma-free.com/races/2025-09-26?race=3&venue=%E5%9C%92%E7%94%B0,2025-11-03
https://uma-free.com/races/2024-12-10?race=2&venue=%E5%9C%92%E7%94%B0,2025-11-03
https://uma-free.com/races/2024-12-12?race=6&venue=%E5%9C%92%E7%94%B0,2025-11-03
https://uma-free.com/races/2025-01-09?race=5&venue=%E7%AC%A0%E6%9D%BE,2025-11-03
https://uma-free.com/races/2024-10-24?race=8&venue=%E6%B5%A6%E5%92%8C,2025-11-03
https://uma-free.com/races/2025-09-10?race=4&venue=%E5%B7%9D%E5%B4%8E,2025-11-03
https://uma-free.com/races/2025-04-03?race=7&venue=%E5%9C%92%E7%94%B0,2025-11-03
https://uma-free.com/races/2025-08-17?race=9&venue=%E6%96%B0%E6%BD%9F,2025-11-03
https://uma-free.com/races/2024-10-17?race=4&venue=%E5%A4%A7%E4%BA%95,2025-11-03
https://uma-free.com/races/2025-06-05?race=6&venue=%E8%88%B9%E6%A9%8B,2025-11-03
https://uma-free.com/races/2025-02-24?race=6&venue=%E6%B5%A6%E5%92%8C,2025-11-03
https://uma-free.com/races/2025-07-11?race=8&venue=%E5%B7%9D%E5%B4%8E,2025-11-03
https://uma-free.com/races/2025-07-23?race=2&venue=%E6%B5%A6%E5%92%8C,2025-11-03
https://uma-free.com/races/2025-05-21?race=1&venue=%E5%A4%A7%E4%BA%95,2025-11-03
https://uma-free.com/races/2025-06-20?race=7&venue=%E5%9C%92%E7%94%B0,2025-11-03
https://uma-free.com/races/2025-02-17?race=4&venue=%E5%A4%A7%E4%BA%95,2025-11-03
https://uma-free.com/races/2025-05-11?race=2&venue=%E4%BA%AC%E9%83%BD,2025-11-03
https://uma-free.com/races/2025-01-06?race=4&venue=%E9%AB%98%E7%9F%A5,2025-11-03
https://uma-free.com/races/2025-04-28?race=9&venue=%E5%A4%A7%E4%BA%95,2025-11-03
https://uma-free.com/races/2025-05-25?race=3&venue=%E9%AB%98%E7%9F%A5,2025-11-03
https://uma-free.com/races/2025-07-25?race=8&venue=%E6%B5%A6%E5%92%8C,2025-11-03
https://uma-free.com/races/2024-11-22?race=11&venue=%E6%B5%A6%E5%92%8C,2025-11-03
https://uma-free.com/races/2025-09-09?race=1&venue=%E7%AC%A0%E6%9D%BE,2025-11-03
https://uma-free.com/races/2025-10-25?race=1&venue=%E9%AB%98%E7%9F%A5,2025-11-03
https://uma-free.com/races/2025-10-08?race=6&venue=%E9%96%80%E5%88%A5,2025-11-03
https://uma-free.com/races/2025-04-30?race=6&venue=%E7%AC%A0%E6%9D%BE,2025-11-03
https://uma-free.com/races/2025-07-03?race=6&venue=%E5%9C%92%E7%94%B0,2025-11-03
https://uma-free.com/races/2025-06-12?race=4&venue=%E5%9C%92%E7%94%B0,2025-11-03
https://uma-free.com/races/2025-03-08?race=4&venue=%E9%98%AA%E7%A5%9E,2025-11-03
https://uma-free.com/races/2025-05-07?race=1&venue=%E5%9C%92%E7%94%B0,2025-11-03
https://uma-free.com/races/2025-05-22?race=7&venue=%E5%A4%A7%E4%BA%95,2025-11-03
https://uma-free.com/races/2024-12-04?race=10&venue=%E6%B0%B4%E6%B2%A2,2025-11-03
https://uma-free.com/races/2025-02-19?race=2&venue=%E5%A4%A7%E4%BA%95,2025-11-03
https://uma-free.com/races/2025-07-25?race=9&venue=%E6%B5%A6%E5%92%8C,2025-11-03
https://uma-free.com/races/2025-05-07?race=1&venue=%E8%88%B9%E6%A9%8B,2025-11-03
https://uma-free.com/races/2025-07-05?race=8&venue=%E8%88%B9%E6%A9%8B,2025-11-03
https://uma-free.com/races/2025-03-22?race=7&venue=%E9%98%AA%E7%A5%9E,2025-11-03
https://uma-free.com/races/2025-01-04?race=4&venue=%E5%B7%9D%E5%B4%8E,2025-11-03
https://uma-free.com/races/2025-05-26?race=1&venue=%E7%9B%9B%E5%B2%A1,2025-11-03
https://uma-free.com/races/2024-12-11?race=7&venue=%E5%9C%92%E7%94%B0,2025-11-03
https://uma-free.com/races/2025-04-26?race=3&venue=%E9%AB%98%E7%9F%A5,2025-11-03
https://uma-free.com/races/2025-05-31?race=9&venue=%E4%BD%90%E8%B3%80,2025-11-03
https://uma-free.com/races/2025-05-23?race=7&venue=%E5%9C%92%E7%94%B0,2025-11-03
https://uma-free.com/races/2025-03-24?race=5&venue=%E9%87%91%E6%B2%A2,2025-11-03
https://uma-free.com/races/2025-05-24?race=1&venue=%E4%BA%AC%E9%83%BD,2025-11-03
https://uma-free.com/races/2025-01-22?race=2&venue=%E9%AB%98%E7%9F%A5,2025-11-03
https://uma-free.com/races/2025-07-25?race=4&venue=%E6%B5%A6%E5%92%8C,2025-11-03
https://uma-free.com/races/2025-05-28?race=1&venue=%E6%B5%A6%E5%92%8C,2025-11-03
https://uma-free.com/races/2025-09-06?race=4&venue=%E6%9C%AD%E5%B9%8C,2025-11-03
https://uma-free.com/races/2025-03-21?race=2&venue=%E6%B5%A6%E5%92%8C,2025-11-03
https://uma-free.com/races/2025-10-02?race=1&venue=%E5%9C%92%E7%94%B0,2025-11-03
https://uma-free.com/races/2025-06-29?race=4&venue=%E5%87%BD%E9%A4%A8,2025-11-03
https://uma-free.com/races/2025-08-25?race=9&venue=%E7%9B%9B%E5%B2%A1,2025-11-03
https://uma-free.com/races/2025-09-14?race=7&venue=%E9%98%AA%E7%A5%9E,2025-11-03
https://uma-free.com/races/2025-07-13?race=2&venue=%E4%BD%90%E8%B3%80,2025-11-03
https://uma-free.com/races/2025-05-03?race=4&venue=%E9%AB%98%E7%9F%A5,2025-11-03
https://uma-free.com/races/2025-05-20?race=7&venue=%E5%A4%A7%E4%BA%95,2025-11-03
https://uma-free.com/races/2025-10-03?race=2&venue=%E8%88%B9%E6%A9%8B,2025-11-03
https://uma-free.com/races/2025-08-11?race=9&venue=%E5%A4%A7%E4%BA%95,2025-11-03
https://uma-free.com/races/2025-08-03?race=9&venue=%E6%96%B0%E6%BD%9F,2025-11-03
https://uma-free.com/races/2025-04-27?race=2&venue=%E4%BD%90%E8%B3%80,2025-11-03
https://uma-free.com/races/2025-09-30?race=2&venue=%E8%88%B9%E6%A9%8B,2025-11-03
https://uma-free.com/races/2024-11-23?race=5&venue=%E9%AB%98%E7%9F%A5,2025-11-03
https://uma-free.com/races/2024-10-19?race=3&venue=%E4%BD%90%E8%B3%80,2025-11-03
https://uma-free.com/races/2025-02-27?race=2&venue=%E6%B5%A6%E5%92%8C,2025-11-03
https://uma-free.com/races/2025-03-11?race=4&venue=%E9%AB%98%E7%9F%A5,2025-11-03
https://uma-free.com/races/2025-09-11?race=6&venue=%E9%96%80%E5%88%A5,2025-11-03
https://uma-free.com/races/2025-10-07?race=4&venue=%E5%A4%A7%E4%BA%95,2025-11-03
https://uma-free.com/races/2025-04-16?race=2&venue=%E9%96%80%E5%88%A5,2025-11-03
https://uma-free.com/races/2025-07-05?race=8&venue=%E5%B0%8F%E5%80%89,2025-11-03
https://uma-free.com/races/2025-09-29?race=5&venue=%E6%B0%B4%E6%B2%A2,2025-11-03
https://uma-free.com/races/2025-10-07?race=3&venue=%E9%87%91%E6%B2%A2,2025-11-03
https://uma-free.com/races/2024-12-12?race=4&venue=%E5%9C%92%E7%94%B0,2025-11-03
https://uma-free.com/races/2024-12-03?race=6&venue=%E5%9C%92%E7%94%B0,2025-11-03
https://uma-free.com/races/2025-09-07?race=5&venue=%E9%87%91%E6%B2%A2,2025-11-03
https://uma-free.com/races/2024-10-12?race=2&venue=%E4%BD%90%E8%B3%80,2025-11-03
https://uma-free.com/races/2025-04-23?race=8&venue=%E9%96%80%E5%88%A5,2025-11-03
https://uma-free.com/races/2025-05-05?race=1&venue=%E7%9B%9B%E5%B2%A1,2025-11-03
https://uma-free.com/races/2025-03-19?race=2&venue=%E6%B5%A6%E5%92%8C,2025-11-03
https://uma-free.com/races/2025-08-27?race=4&venue=%E7%AC%A0%E6%9D%BE,2025-11-03
https://uma-free.com/races/2024-10-09?race=2&venue=%E9%96%80%E5%88%A5,2025-11-03
https://uma-free.com/races/2024-11-11?race=9&venue=%E5%B7%9D%E5%B4%8E,2025-11-03
https://uma-free.com/races/2025-03-05?race=3&venue=%E5%B7%9D%E5%B4%8E,2025-11-03
https://uma-free.com/races/2025-04-09?race=1&venue=%E5%B7%9D%E5%B4%8E,2025-11-03
https://uma-free.com/races/2025-08-03?race=3&venue=%E4%B8%AD%E4%BA%AC,2025-11-03
https://uma-free.com/races/2025-07-27?race=7&venue=%E9%87%91%E6%B2%A2,2025-11-03
https://uma-free.com/races/2025-10-12?race=9&venue=%E4%BD%90%E8%B3%80,2025-11-03
https://uma-free.com/races/2024-11-01?race=8&venue=%E8%88%B9%E6%A9%8B,2025-11-03
https://uma-free.com/races/2024-10-26?race=5&venue=%E9%AB%98%E7%9F%A5,2025-11-03
https://uma-free.com/races/2025-03-11?race=2&venue=%E5%9C%92%E7%94%B0,2025-11-03
https://uma-free.com/races/2025-10-08?race=2&venue=%E5%9C%92%E7%94%B0,2025-11-03
https://uma-free.com/races/2025-10-11?race=4&venue=%E6%9D%B1%E4%BA%AC,2025-11-03
https://uma-free.com/races/2025-09-28?race=3&venue=%E9%AB%98%E7%9F%A5,2025-11-03
https://uma-free.com/races/2024-12-18?race=5&venue=%E6%B0%B4%E6%B2%A2,2025-11-03
https://uma-free.com/races/2024-11-11?race=9&venue=%E7%9B%9B%E5%B2%A1,2025-11-03
https://uma-free.com/races/2025-05-25?race=8&venue=%E4%BD%90%E8%B3%80,2025-11-03
https://uma-free.com/races/2025-07-20?race=8&venue=%E9%87%91%E6%B2%A2,2025-11-03
https://uma-free.com/races/2025-10-18?race=6&venue=%E6%96%B0%E6%BD%9F,2025-11-03
https://uma-free.com/races/2025-03-06?race=4&venue=%E7%AC%A0%E6%9D%BE,2025-11-03
https://uma-free.com/races/2025-02-18?race=12&venue=%E5%A4%A7%E4%BA%95,2025-11-03
https://uma-free.com/races/2025-04-15?race=9&venue=%E5%9C%92%E7%94%B0,2025-11-03
https://uma-free.com/races/2025-07-07?race=3&venue=%E5%B7%9D%E5%B4%8E,2025-11-03
https://uma-free.com/races/2025-10-14?race=9&venue=%E9%96%80%E5%88%A5,2025-11-03
https://uma-free.com/races/2025-08-12?race=9&venue=%E9%96%80%E5%88%A5,2025-11-03
https://uma-free.com/races/2025-02-17?race=8&venue=%E5%A4%A7%E4%BA%95,2025-11-03
https://uma-free.com/races/2025-01-22?race=8&venue=%E7%AC%A0%E6%9D%BE,2025-11-03
https://uma-free.com/races/2025-06-28?race=1&venue=%E7%A6%8F%E5%B3%B6,2025-11-03
https://uma-free.com/races/2025-03-16?race=4&venue=%E4%B8%AD%E4%BA%AC,2025-11-03
https://uma-free.com/races/2025-03-27?race=11&venue=%E5%A4%A7%E4%BA%95,2025-11-03
https://uma-free.com/races/2025-06-25?race=3&venue=%E5%9C%92%E7%94%B0,2025-11-03